"SampleID","Cartridge_Number","DNA_concentration","ESP_Type","NOAA_DNA_ID","NOAA_ID","Num","PCR_settings","PROJECT","R1","R2","SAMPLING_PI","SAMPLING_bottle","SAMPLING_campaign","SAMPLING_cruise","SAMPLING_date_time","SAMPLING_dec_lat","SAMPLING_dec_lon","SAMPLING_fluor","SAMPLING_institute","SAMPLING_platform","SAMPLING_platform_type","SAMPLING_project","SAMPLING_project.1","SAMPLING_real_depth","SAMPLING_sig_t","SAMPLING_station","SAMPLING_station_number","SAMPLING_transmiss_.","Sample_Order","Season","Unnamed..0","Unnamed..46","Well","adapters","chlorophyll","collection_date","date_PCR","date_pcr","day","depth","description","diss_oxygen","env_biome","env_feature","env_material","env_package","extraction_ID","extraction_library","geo_loc_name","investigation_type","lat_lon","library","libraryID","library_tag_combo","local_time_end","local_time_start","locus","mid","month","nitrate","nucl_acid_amp","nucl_acid_ext","order","original_name","paired_blanks_library","pcr_primers","pcrblank_library","pressure_dbar","primer_sequence_F","primer_sequence_R","project_name","replicate","salinity","samp_collection_device","samp_filter_ext_type","samp_filter_size_ext","samp_store_temp","samp_vol_we_dna_ext","sample_library","sample_locus","sample_name_well","sample_type","seq_meth","seq_notes","sequencing_facility","tag_number","tag_sequence","target_gene","tdepth","temp","year","sampling_device","project_new","depth_cat","date_time_updated","month_updated","season","year_updated"
"KOSMOSD15_DW2_TT",NA,NA,"","","",NA,"touchdown","","KOSMOSD15_DW2_S38_L001_R1_001.fastq.gz","KOSMOSD15_DW2_S38_L001_R2_001.fastq.gz","",NA,"KOSMOS","KOSMOS","3/12/17 0:00","-12.054783","-77.2348","","","MESOCOSM","","KOSMOS","","","","DeepWater","DW",NA,NA,NA,NA,NA,"",NA,"","3/12/17",NA,NA,"12",NA,"","","marine biome  (ENVO:00000447)","coastal water (ENVO:00001250)","waterborne particulate matter (ENVO:01000436)","mimarks survey",NA,"","Peru:Callao:Isla San Lorenzo","","","TT11","TT","TT11_AGAGTCAC","","","","","3.0","","","","11","KOSMOSD15_DW2","","","",NA,"GTCGGTAAAACTCGTGCCAGC","CATAGTGGGGTATCTAATCCCAGTTTG","",NA,NA,"","Poretics","0.22um","","","","12S","","environmental","",NA,"","11","AGAGTCAC","",NA,NA,"2017","environmental","KOSMOS",NA,"2017-03-12","March","Spring","2017"
"KOSMOSD15_M1AS_TT",NA,NA,"","","",NA,"touchdown","","KOSMOSD15_M1AS_S1_L001_R1_001.fastq.gz","KOSMOSD15_M1AS_S1_L001_R2_001.fastq.gz","",NA,"KOSMOS","KOSMOS","3/12/17 0:00","-12.054783","-77.2348","","","MESOCOSM","","KOSMOS","","","","Mesocosm 1","M1",NA,NA,NA,NA,NA,"",NA,"","3/12/17",NA,NA,"12"," 0","","","marine biome  (ENVO:00000447)","coastal water (ENVO:00001250)","waterborne particulate matter (ENVO:01000436)","mimarks survey",NA,"","Peru:Callao:Isla San Lorenzo","","","TT9","TT","TT9_CTACTATA","","","","","3.0","","",""," 9","KOSMOSD15_M1AS","","","",NA,"GTCGGTAAAACTCGTGCCAGC","CATAGTGGGGTATCTAATCCCAGTTTG","",NA,NA,"","Poretics","0.22um","","","","12S","","environmental","",NA,""," 9","CTACTATA","",NA,NA,"2017","environmental","KOSMOS","0-5","2017-03-12","March","Spring","2017"
"KOSMOSD15_MPAS_TT",NA,NA,"","","",NA,"touchdown","","KOSMOSD15_MPAS_S20_L001_R1_001.fastq.gz","KOSMOSD15_MPAS_S20_L001_R2_001.fastq.gz","",NA,"KOSMOS","KOSMOS","3/12/17 0:00","-12.054783","-77.2348","","","MESOCOSM","","KOSMOS","","","","Pacific","MP",NA,NA,NA,NA,NA,"",NA,"","3/12/17",NA,NA,"12"," 0","","","marine biome  (ENVO:00000447)","coastal water (ENVO:00001250)","waterborne particulate matter (ENVO:01000436)","mimarks survey",NA,"","Peru:Callao:Isla San Lorenzo","","","TT10","TT","TT10_CGTTACTA","","","","","3.0","","","","10","KOSMOSD15_MPAS","","","",NA,"GTCGGTAAAACTCGTGCCAGC","CATAGTGGGGTATCTAATCCCAGTTTG","",NA,NA,"","Poretics","0.22um","","","","12S","","environmental","",NA,"","10","CGTTACTA","",NA,NA,"2017","environmental","KOSMOS","0-5","2017-03-12","March","Spring","2017"
"KOSMOSD1_M1BS_TT",NA,NA,"","","",NA,"touchdown","","KOSMOSD1_M1BS_S62_L001_R1_001.fastq.gz","KOSMOSD1_M1BS_S62_L001_R2_001.fastq.gz","",NA,"KOSMOS","KOSMOS","2/26/17 0:00","-12.054783","-77.2348","","","MESOCOSM","","KOSMOS","","","","Mesocosm 1","M1",NA,NA,NA,NA,NA,"",NA,"","2/26/17",NA,NA,"26"," 5","","","marine biome  (ENVO:00000447)","coastal water (ENVO:00001250)","waterborne particulate matter (ENVO:01000436)","mimarks survey",NA,"","Peru:Callao:Isla San Lorenzo","","","TT1","TT","TT1_CTACTATA","","","","","2.0","","",""," 1","KOSMOSD1_M1BS","","","",NA,"GTCGGTAAAACTCGTGCCAGC","CATAGTGGGGTATCTAATCCCAGTTTG","",NA,NA,"","Poretics","0.22um","","","","12S","","environmental","",NA,""," 1","CTACTATA","",NA,NA,"2017","environmental","KOSMOS","0-5","2017-02-26","February","Spring","2017"
"KOSMOSD1_MPBS_TT",NA,NA,"","","",NA,"touchdown","","KOSMOSD1_MPBS_S21_L001_R1_001.fastq.gz","KOSMOSD1_MPBS_S21_L001_R2_001.fastq.gz","",NA,"KOSMOS","KOSMOS","2/26/17 0:00","-12.054783","-77.2348","","","MESOCOSM","","KOSMOS","","","","Pacific","MP",NA,NA,NA,NA,NA,"",NA,"","2/26/17",NA,NA,"26"," 5","","","marine biome  (ENVO:00000447)","coastal water (ENVO:00001250)","waterborne particulate matter (ENVO:01000436)","mimarks survey",NA,"","Peru:Callao:Isla San Lorenzo","","","TT2","TT","TT2_CGTTACTA","","","","","2.0","","",""," 2","KOSMOSD1_MPBS","","","",NA,"GTCGGTAAAACTCGTGCCAGC","CATAGTGGGGTATCTAATCCCAGTTTG","",NA,NA,"","Poretics","0.22um","","","","12S","","environmental","",NA,""," 2","CGTTACTA","",NA,NA,"2017","environmental","KOSMOS","0-5","2017-02-26","February","Spring","2017"
"KOSMOSD24_M1AS_TT",NA,NA,"","","",NA,"touchdown","","KOSMOSD24_M1AS_S66_L001_R1_001.fastq.gz","KOSMOSD24_M1AS_S66_L001_R2_001.fastq.gz","",NA,"KOSMOS","KOSMOS","3/21/17 0:00","-12.054783","-77.2348","","","MESOCOSM","","KOSMOS","","","","Mesocosm 1","M1",NA,NA,NA,NA,NA,"",NA,"","3/21/17",NA,NA,"21"," 0","","","marine biome  (ENVO:00000447)","coastal water (ENVO:00001250)","waterborne particulate matter (ENVO:01000436)","mimarks survey",NA,"","Peru:Callao:Isla San Lorenzo","","","TT12","TT","TT12_TACGAGAC","","","","","3.0","","","","12","KOSMOSD24_M1AS","","","",NA,"GTCGGTAAAACTCGTGCCAGC","CATAGTGGGGTATCTAATCCCAGTTTG","",NA,NA,"","Poretics","0.22um","","","","12S","","environmental","",NA,"","12","TACGAGAC","",NA,NA,"2017","environmental","KOSMOS","0-5","2017-03-21","March","Spring","2017"
"KOSMOSD24_MPAS_TT",NA,NA,"","","",NA,"touchdown","","KOSMOSD24_MPAS_S29_L001_R1_001.fastq.gz","KOSMOSD24_MPAS_S29_L001_R2_001.fastq.gz","",NA,"KOSMOS","KOSMOS","3/21/17 0:00","-12.054783","-77.2348","","","MESOCOSM","","KOSMOS","","","","Pacific","MP",NA,NA,NA,NA,NA,"",NA,"","3/21/17",NA,NA,"21"," 0","","","marine biome  (ENVO:00000447)","coastal water (ENVO:00001250)","waterborne particulate matter (ENVO:01000436)","mimarks survey",NA,"","Peru:Callao:Isla San Lorenzo","","","TT13","TT","TT13_ACGTCTCG","","","","","3.0","","","","13","KOSMOSD24_MPAS","","","",NA,"GTCGGTAAAACTCGTGCCAGC","CATAGTGGGGTATCTAATCCCAGTTTG","",NA,NA,"","Poretics","0.22um","","","","12S","","environmental","",NA,"","13","ACGTCTCG","",NA,NA,"2017","environmental","KOSMOS","0-5","2017-03-21","March","Spring","2017"
"KOSMOSD32_M1AS_TT",NA,NA,"","","",NA,"touchdown","","KOSMOSD32_M1AS_S82_L001_R1_001.fastq.gz","KOSMOSD32_M1AS_S82_L001_R2_001.fastq.gz","",NA,"KOSMOS","KOSMOS","3/29/17 0:00","-12.054783","-77.2348","","","MESOCOSM","","KOSMOS","","","","Mesocosm 1","M1",NA,NA,NA,NA,NA,"",NA,"","3/29/17",NA,NA," 9"," 0","","","marine biome  (ENVO:00000447)","coastal water (ENVO:00001250)","waterborne particulate matter (ENVO:01000436)","mimarks survey",NA,"","Peru:Callao:Isla San Lorenzo","","","TT15","TT","TT15_GATCGTGT","","","","","3.0","","","","15","KOSMOSD32_M1AS","","","",NA,"GTCGGTAAAACTCGTGCCAGC","CATAGTGGGGTATCTAATCCCAGTTTG","",NA,NA,"","Poretics","0.22um","","","","12S","","environmental","",NA,"","15","GATCGTGT","",NA,NA,"2017","environmental","KOSMOS","0-5","2017-03-29","March","Spring","2017"
"KOSMOSD32_MPAS_TT",NA,NA,"","","",NA,"touchdown","","KOSMOSD32_MPAS_S61_L001_R1_001.fastq.gz","KOSMOSD32_MPAS_S61_L001_R2_001.fastq.gz","",NA,"KOSMOS","KOSMOS","3/29/17 0:00","-12.054783","-77.2348","","","MESOCOSM","","KOSMOS","","","","Pacific","MP",NA,NA,NA,NA,NA,"",NA,"","3/29/17",NA,NA,"29"," 0","","","marine biome  (ENVO:00000447)","coastal water (ENVO:00001250)","waterborne particulate matter (ENVO:01000436)","mimarks survey",NA,"","Peru:Callao:Isla San Lorenzo","","","TT14","TT","TT14_TCGACGAG","","","","","3.0","","","","14","KOSMOSD32_MPAS","","","",NA,"GTCGGTAAAACTCGTGCCAGC","CATAGTGGGGTATCTAATCCCAGTTTG","",NA,NA,"","Poretics","0.22um","","","","12S","","environmental","",NA,"","14","TCGACGAG","",NA,NA,"2017","environmental","KOSMOS","0-5","2017-03-29","March","Spring","2017"
"KOSMOSD36_M1AS_TT",NA,NA,"","","",NA,"touchdown","","KOSMOSD36_M1AS_S3_L001_R1_001.fastq.gz","KOSMOSD36_M1AS_S3_L001_R2_001.fastq.gz","",NA,"KOSMOS","KOSMOS","4/2/17 0:00","-12.054783","-77.2348","","","MESOCOSM","","KOSMOS","","","","Mesocosm 1","M1",NA,NA,NA,NA,NA,"",NA,"","4/2/17",NA,NA," 2"," 0","","","marine biome  (ENVO:00000447)","coastal water (ENVO:00001250)","waterborne particulate matter (ENVO:01000436)","mimarks survey",NA,"","Peru:Callao:Isla San Lorenzo","","","TT16","TT","TT16_GTCAGATA","","","","","4.0","","","","16","KOSMOSD36_M1AS","","","",NA,"GTCGGTAAAACTCGTGCCAGC","CATAGTGGGGTATCTAATCCCAGTTTG","",NA,NA,"","Poretics","0.22um","","","","12S","","environmental","",NA,"","16","GTCAGATA","",NA,NA,"2017","environmental","KOSMOS","0-5","2017-04-02","April","Spring","2017"
"KOSMOSD36_MPAS_TT",NA,NA,"","","",NA,"touchdown","","KOSMOSD36_MPAS_S89_L001_R1_001.fastq.gz","KOSMOSD36_MPAS_S89_L001_R2_001.fastq.gz","",NA,"KOSMOS","KOSMOS","4/8/17 0:00","-12.054783","-77.2348","","","MESOCOSM","","KOSMOS","","","","Pacific","MP",NA,NA,NA,NA,NA,"",NA,"","4/8/17",NA,NA," 8"," 0","","","marine biome  (ENVO:00000447)","coastal water (ENVO:00001250)","waterborne particulate matter (ENVO:01000436)","mimarks survey",NA,"","Peru:Callao:Isla San Lorenzo","","","TT18","TT","TT18_CGTTACTA","","","","","4.0","","","","18","KOSMOSD36_MPAS","","","",NA,"GTCGGTAAAACTCGTGCCAGC","CATAGTGGGGTATCTAATCCCAGTTTG","",NA,NA,"","Poretics","0.22um","","","","12S","","environmental","",NA,"","18","CGTTACTA","",NA,NA,"2017","environmental","KOSMOS","0-5","2017-04-08","April","Spring","2017"
"KOSMOSD3_MQCBa_TT",NA,NA,"","","",NA,"touchdown","","KOSMOSD3_MQCBa_S12_L001_R1_001.fastq.gz","KOSMOSD3_MQCBa_S12_L001_R2_001.fastq.gz","",NA,"KOSMOS","KOSMOS","2/28/17 0:00","-12.054783","-77.2348","","","MESOCOSM","","KOSMOS","","","","","",NA,NA,NA,NA,NA,"",NA,"","2/28/17",NA,NA,"28",NA,"","","marine biome  (ENVO:00000447)","coastal water (ENVO:00001250)","waterborne particulate matter (ENVO:01000436)","mimarks survey",NA,"","Peru:Callao:Isla San Lorenzo","","","TT3","TT","TT3_AGAGTCAC","","","","","2.0","","",""," 3","KOSMOSD3_MQCBa","","","",NA,"GTCGGTAAAACTCGTGCCAGC","CATAGTGGGGTATCTAATCCCAGTTTG","",NA,NA,"","Poretics","0.22um","","","","12S","","environmental","",NA,""," 3","AGAGTCAC","",NA,NA,"2017","environmental","KOSMOS",NA,"2017-02-28","February","Spring","2017"
"KOSMOSD3_ROCBa_TT",NA,NA,"","","",NA,"touchdown","","KOSMOSD3_ROCBa_S9_L001_R1_001.fastq.gz","KOSMOSD3_ROCBa_S9_L001_R2_001.fastq.gz","",NA,"KOSMOS","KOSMOS","2/28/17 0:00","-12.054783","-77.2348","","","MESOCOSM","","KOSMOS","","","","","",NA,NA,NA,NA,NA,"",NA,"","2/28/17",NA,NA,"28",NA,"","","marine biome  (ENVO:00000447)","coastal water (ENVO:00001250)","waterborne particulate matter (ENVO:01000436)","mimarks survey",NA,"","Peru:Callao:Isla San Lorenzo","","","TT4","TT","TT4_TACGAGAC","","","","","2.0","","",""," 4","KOSMOSD3_ROCBa","","","",NA,"GTCGGTAAAACTCGTGCCAGC","CATAGTGGGGTATCTAATCCCAGTTTG","",NA,NA,"","Poretics","0.22um","","","","12S","","environmental","",NA,""," 4","TACGAGAC","",NA,NA,"2017","environmental","KOSMOS",NA,"2017-02-28","February","Spring","2017"
"KOSMOSD42_M1AS_TT",NA,NA,"","","",NA,"touchdown","","KOSMOSD42_M1AS_S2_L001_R1_001.fastq.gz","KOSMOSD42_M1AS_S2_L001_R2_001.fastq.gz","",NA,"KOSMOS","KOSMOS","4/2/17 0:00","-12.054783","-77.2348","","","MESOCOSM","","KOSMOS","","","","Mesocosm 1","M1",NA,NA,NA,NA,NA,"",NA,"","4/2/17",NA,NA," 2"," 0","","","marine biome  (ENVO:00000447)","coastal water (ENVO:00001250)","waterborne particulate matter (ENVO:01000436)","mimarks survey",NA,"","Peru:Callao:Isla San Lorenzo","","","TT17","TT","TT17_CTACTATA","","","","","4.0","","","","17","KOSMOSD42_M1AS","","","",NA,"GTCGGTAAAACTCGTGCCAGC","CATAGTGGGGTATCTAATCCCAGTTTG","",NA,NA,"","Poretics","0.22um","","","","12S","","environmental","",NA,"","17","CTACTATA","",NA,NA,"2017","environmental","KOSMOS","0-5","2017-04-02","April","Spring","2017"
"KOSMOSD42_MPAS_TT",NA,NA,"","","",NA,"touchdown","","KOSMOSD42_MPAS_S71_L001_R1_001.fastq.gz","KOSMOSD42_MPAS_S71_L001_R2_001.fastq.gz","",NA,"KOSMOS","KOSMOS","4/14/17 0:00","-12.054783","-77.2348","","","MESOCOSM","","KOSMOS","","","","Pacific","MP",NA,NA,NA,NA,NA,"",NA,"","4/14/17",NA,NA,"14"," 0","","","marine biome  (ENVO:00000447)","coastal water (ENVO:00001250)","waterborne particulate matter (ENVO:01000436)","mimarks survey",NA,"","Peru:Callao:Isla San Lorenzo","","","TT20","TT","TT20_TACGAGAC","","","","","4.0","","","","20","KOSMOSD42_MPAS","","","",NA,"GTCGGTAAAACTCGTGCCAGC","CATAGTGGGGTATCTAATCCCAGTTTG","",NA,NA,"","Poretics","0.22um","","","","12S","","environmental","",NA,"","20","TACGAGAC","",NA,NA,"2017","environmental","KOSMOS","0-5","2017-04-14","April","Spring","2017"
"KOSMOSD48_M1AS_TT",NA,NA,"","","",NA,"touchdown","","KOSMOSD48_M1AS_S76_L001_R1_001.fastq.gz","KOSMOSD48_M1AS_S76_L001_R2_001.fastq.gz","",NA,"KOSMOS","KOSMOS","4/8/17 0:00","-12.054783","-77.2348","","","MESOCOSM","","KOSMOS","","","","Mesocosm 1","M1",NA,NA,NA,NA,NA,"",NA,"","4/8/17",NA,NA," 8"," 0","","","marine biome  (ENVO:00000447)","coastal water (ENVO:00001250)","waterborne particulate matter (ENVO:01000436)","mimarks survey",NA,"","Peru:Callao:Isla San Lorenzo","","","TT19","TT","TT19_AGAGTCAC","","","","","4.0","","","","19","KOSMOSD48_M1AS","","","",NA,"GTCGGTAAAACTCGTGCCAGC","CATAGTGGGGTATCTAATCCCAGTTTG","",NA,NA,"","Poretics","0.22um","","","","12S","","environmental","",NA,"","19","AGAGTCAC","",NA,NA,"2017","environmental","KOSMOS","0-5","2017-04-08","April","Spring","2017"
"KOSMOSD48_MPAS_TT",NA,NA,"","","",NA,"touchdown","","KOSMOSD48_MPAS_S56_L001_R1_001.fastq.gz","KOSMOSD48_MPAS_S56_L001_R2_001.fastq.gz","",NA,"KOSMOS","KOSMOS","4/14/17 0:00","-12.054783","-77.2348","","","MESOCOSM","","KOSMOS","","","","Pacific","MP",NA,NA,NA,NA,NA,"",NA,"","4/14/17",NA,NA,"14"," 0","","","marine biome  (ENVO:00000447)","coastal water (ENVO:00001250)","waterborne particulate matter (ENVO:01000436)","mimarks survey",NA,"","Peru:Callao:Isla San Lorenzo","","","TT21","TT","TT21_ACGTCTCG","","","","","4.0","","","","21","KOSMOSD48_MPAS","","","",NA,"GTCGGTAAAACTCGTGCCAGC","CATAGTGGGGTATCTAATCCCAGTTTG","",NA,NA,"","Poretics","0.22um","","","","12S","","environmental","",NA,"","21","ACGTCTCG","",NA,NA,"2017","environmental","KOSMOS","0-5","2017-04-14","April","Spring","2017"
"KOSMOSD8_DW1A_TT",NA,NA,"","","",NA,"touchdown","","KOSMOSD8_DW1A_S69_L001_R1_001.fastq.gz","KOSMOSD8_DW1A_S69_L001_R2_001.fastq.gz","",NA,"KOSMOS","KOSMOS","3/5/17 0:00","-12.054783","-77.2348","","","MESOCOSM","","KOSMOS","","","","DeepWater","DW",NA,NA,NA,NA,NA,"",NA,"","3/5/17",NA,NA," 5","70","","","marine biome  (ENVO:00000447)","coastal water (ENVO:00001250)","waterborne particulate matter (ENVO:01000436)","mimarks survey",NA,"","Peru:Callao:Isla San Lorenzo","","","TT7","TT","TT7_GATCGTGT","","","","","3.0","","",""," 7","KOSMOSD8_DW1A","","","",NA,"GTCGGTAAAACTCGTGCCAGC","CATAGTGGGGTATCTAATCCCAGTTTG","",NA,NA,"","Poretics","0.22um","","","","12S","","environmental","",NA,""," 7","GATCGTGT","",NA,NA,"2017","environmental","KOSMOS","60-80","2017-03-05","March","Spring","2017"
"KOSMOSD8_DW2A_TT",NA,NA,"","","",NA,"touchdown","","KOSMOSD8_DW2A_S15_L001_R1_001.fastq.gz","KOSMOSD8_DW2A_S15_L001_R2_001.fastq.gz","",NA,"KOSMOS","KOSMOS","3/5/17 0:00","-12.054783","-77.2348","","","MESOCOSM","","KOSMOS","","","","DeepWater","DW",NA,NA,NA,NA,NA,"",NA,"","3/5/17",NA,NA," 5","30","","","marine biome  (ENVO:00000447)","coastal water (ENVO:00001250)","waterborne particulate matter (ENVO:01000436)","mimarks survey",NA,"","Peru:Callao:Isla San Lorenzo","","","TT8","TT","TT8_GTCAGATA","","","","","3.0","","",""," 8","KOSMOSD8_DW2A","","","",NA,"GTCGGTAAAACTCGTGCCAGC","CATAGTGGGGTATCTAATCCCAGTTTG","",NA,NA,"","Poretics","0.22um","","","","12S","","environmental","",NA,""," 8","GTCAGATA","",NA,NA,"2017","environmental","KOSMOS","30-39","2017-03-05","March","Spring","2017"
"KOSMOSD8_M1AS_TT",NA,NA,"","","",NA,"touchdown","","KOSMOSD8_M1AS_S64_L001_R1_001.fastq.gz","KOSMOSD8_M1AS_S64_L001_R2_001.fastq.gz","",NA,"KOSMOS","KOSMOS","3/5/17 0:00","-12.054783","-77.2348","","","MESOCOSM","","KOSMOS","","","","Mesocosm 1","M1",NA,NA,NA,NA,NA,"",NA,"","3/5/17",NA,NA," 5","10","","","marine biome  (ENVO:00000447)","coastal water (ENVO:00001250)","waterborne particulate matter (ENVO:01000436)","mimarks survey",NA,"","Peru:Callao:Isla San Lorenzo","","","TT5","TT","TT5_ACGTCTCG","","","","","3.0","","",""," 5","KOSMOSD8_M1AS","","","",NA,"GTCGGTAAAACTCGTGCCAGC","CATAGTGGGGTATCTAATCCCAGTTTG","",NA,NA,"","Poretics","0.22um","","","","12S","","environmental","",NA,""," 5","ACGTCTCG","",NA,NA,"2017","environmental","KOSMOS","6-20","2017-03-05","March","Spring","2017"
"KOSMOSD8_MPAS_TT",NA,NA,"","","",NA,"touchdown","","KOSMOSD8_MPAS_S59_L001_R1_001.fastq.gz","KOSMOSD8_MPAS_S59_L001_R2_001.fastq.gz","",NA,"KOSMOS","KOSMOS","3/5/17 0:00","-12.054783","-77.2348","","","MESOCOSM","","KOSMOS","","","","Pacific","MP",NA,NA,NA,NA,NA,"",NA,"","3/5/17",NA,NA," 5","10","","","marine biome  (ENVO:00000447)","coastal water (ENVO:00001250)","waterborne particulate matter (ENVO:01000436)","mimarks survey",NA,"","Peru:Callao:Isla San Lorenzo","","","TT6","TT","TT6_TCGACGAG","","","","","3.0","","",""," 6","KOSMOSD8_MPAS","","","",NA,"GTCGGTAAAACTCGTGCCAGC","CATAGTGGGGTATCTAATCCCAGTTTG","",NA,NA,"","Poretics","0.22um","","","","12S","","environmental","",NA,""," 6","TCGACGAG","",NA,NA,"2017","environmental","KOSMOS","6-20","2017-03-05","March","Spring","2017"
