"","ASV","KOSMOSD3_MQCBa_UU","KOSMOSD3_ROCBa_UU","field_blank_mean_perc","envt_mean_perc","Kingdom","Phylum","Class","Order","Family","Genus","Species"
"1","ASV_26346",18587,43259,0.300214556857567,0.0392681359185893,"Eukaryota","Arthropoda","Hexanauplia","Poecilostomatoida","Clausidiidae","Hemicyclops","Hemicyclops thalassius"
"2","ASV_10",22919,155,0.112006446414182,0.142133955722405,"Eukaryota","Arthropoda","Hexanauplia","Calanoida","Paracalanidae","Paracalanus","unassigned"
"3","ASV_26348",3,23037,0.111841402677592,1.3638913183203e-05,"Eukaryota","Arthropoda","Hexanauplia","Cyclopoida","Cyclopidae","Eucyclops","unassigned"
"4","ASV_375",13170,17,0.0640126986592623,0.0139338546807898,"Eukaryota","unassigned","unassigned","unassigned","unassigned","unassigned","unassigned"
"5","ASV_9",8436,1077,0.0461782666524276,0.0462825153111008,"Eukaryota","Bacillariophyta","Coscinodiscophyceae","Thalassiosirales","Skeletonemataceae","Skeletonema","unassigned"
"6","ASV_6",4304,655,0.0240721144044348,0.0166082182407961,"Eukaryota","unknown","Dinophyceae","Thoracosphaerales","Thoracosphaeraceae","Ensiculifera","Ensiculifera imariensis"
"7","ASV_132",4214,622,0.0234750444161821,0.00613012318780045,"Eukaryota","unknown","Dinophyceae","Peridiniales","unassigned","unassigned","unassigned"
"8","ASV_7",2970,461,0.0166548547129695,0.02022650825069,"Eukaryota","unknown","Dinophyceae","unknown","unknown","unknown","Dinophyceae sp. CCMP1878"
"9","ASV_606",2697,652,0.0162568080541343,0.000699562588688454,"Eukaryota","Cercozoa","unassigned","unassigned","unassigned","unassigned","unassigned"
"10","ASV_15",501,2130,0.0127714726755531,1.70486414790037e-06,"Eukaryota","Cnidaria","Hydrozoa","Anthoathecata","Pandeidae","Leuckartiara","Leuckartiara octona"
"11","ASV_4887",1549,641,0.0106307583274274,0.000170486414790037,"Eukaryota","unknown","Dinophyceae","Gymnodiniales","Gymnodiniaceae","g_","s_"
"12","ASV_26371",0,2092,0.0101550440278438,3.97801634510087e-06,"Eukaryota","Arthropoda","Ostracoda","Podocopida","unassigned","unassigned","unassigned"
"13","ASV_97",1645,393,0.00989291574031824,0.00472304197773334,"no_hit","no_hit","no_hit","no_hit","no_hit","no_hit","no_hit"
"14","ASV_26373",66,1860,0.00934924225507995,3.97801634510087e-06,"Eukaryota","Chlorophyta","Chlorophyceae","Sphaeropleales","unassigned","unassigned","unassigned"
"15","ASV_8",1442,8,0.0070386299428172,0.00397460661680507,"Eukaryota","unknown","Dinophyceae","unassigned","unassigned","unassigned","unassigned"
"16","ASV_175",1427,2,0.00693669116433502,0.00696437004417303,"Eukaryota","unknown","Dinophyceae","unassigned","unassigned","unassigned","unassigned"
"17","ASV_647",1378,1,0.00669397978699649,4.88727722398107e-05,"Eukaryota","unknown","Dinophyceae","unassigned","unassigned","unassigned","unassigned"
"18","ASV_26391",0,1340,0.00650466491267245,NA,"Eukaryota","Blastocladiomycota","Blastocladiomycetes","Blastocladiales","Catenariaceae","Catenophlyctis","unassigned"
"19","ASV_354",1173,8,0.00573284273273594,0.00749628765831795,"Eukaryota","unknown","Dinophyceae","Gymnodiniales","Gymnodiniaceae","Gymnodinium","unassigned"
"20","ASV_26397",21,1107,0.0054755686727571,5.68288049300125e-06,"Eukaryota","unknown","Oomycota","Pythiales","Pythiaceae","unassigned","unassigned"
"21","ASV_5",1040,0,0.0050483966486413,0.0108463457089422,"Eukaryota","Bacillariophyta","Coscinodiscophyceae","Thalassiosirales","Thalassiosiraceae","Thalassiosira","unassigned"
"22","ASV_4066",948,2,0.00461151616943196,0.00145027110181392,"Eukaryota","Arthropoda","Hexanauplia","Calanoida","Paracalanidae","Paracalanus","unassigned"
"23","ASV_1531",522,276,0.00387367358232285,0.00883972060686344,"Eukaryota","unknown","Raphidophyceae","Chattonellales","Chattonellaceae","Heterosigma","Heterosigma akashiwo"
"24","ASV_26412",0,756,0.00366979602535848,NA,"Eukaryota","Basidiomycota","Agaricomycetes","Auriculariales","Auriculariaceae","g_","s_"
"25","ASV_563",730,2,0.00355329456423599,0.00259537152115367,"Eukaryota","unknown","Dinophyceae","Thoracosphaerales","Thoracosphaeraceae","Scrippsiella","unassigned"
"26","ASV_8981",0,715,0.00347077269594089,NA,"Eukaryota","unknown","unknown","unknown","Vannellidae","g_","s_"
"27","ASV_226",710,1,0.00345135578575381,0.000627390006427338,"Eukaryota","unknown","Dinophyceae","unassigned","unassigned","unassigned","unassigned"
"28","ASV_1266",569,138,0.00343193887556673,7.95603269020175e-06,"Eukaryota","Porifera","Demospongiae","Spongillida","unassigned","unassigned","unassigned"
"29","ASV_427",630,0,0.0030581633544654,2.2731521972005e-06,"Eukaryota","Chordata","Mammalia","unassigned","unassigned","unassigned","unassigned"
"30","ASV_26432",0,543,0.00263584555789637,NA,"Eukaryota","Apicomplexa","Conoidasida","Eucoccidiorida","Eimeriidae","g_","s_"
"31","ASV_26435",0,535,0.00259701173752221,NA,"no_hit","no_hit","no_hit","no_hit","no_hit","g_","s_"
"32","ASV_26434",521,0,0.00252905255186742,5.68288049300125e-07,"Eukaryota","Basidiomycota","Microbotryomycetes","Sporidiobolales","unassigned","unassigned","unassigned"
"33","ASV_26437",0,517,0.00250963564168034,5.68288049300125e-07,"no_hit","no_hit","no_hit","no_hit","no_hit","no_hit","no_hit"
"34","ASV_26385",513,1,0.00249507295904003,5.9101957127213e-05,"Eukaryota","unknown","unknown","Pirsoniales","unknown","Pirsonia","s_"
"35","ASV_945",507,0,0.00246109336621263,0.00388481710501565,"Eukaryota","Ciliophora","Spirotrichea","unknown","Tontoniidae","Pseudotontonia","Pseudotontonia sp. JG-2011a"
"36","ASV_16519",474,0,0.00230090385716921,0.000131842827437629,"Eukaryota","Cryptophyta","unknown","Cryptomonadales","unassigned","g_","s_"
"37","ASV_26448",0,462,0.00224265312660796,NA,"Eukaryota","Evosea","Variosea","unknown","unknown","Filamoeba","s_"
"38","ASV_4123",452,0,0.00219411085114026,3.97801634510087e-06,"Eukaryota","unknown","Choanoflagellatea","Choanoflagellata","Salpingoecidae","Sphaeroeca","s_"
"39","ASV_310",440,1,0.00214071434812578,0.000217086034832648,"Eukaryota","unknown","Dinophyceae","Syndiniales","Amoebophryaceae","Amoebophrya","s_"
"40","ASV_26450",439,0,0.00213100589303224,5.68288049300125e-07,"Eukaryota","Streptophyta","Magnoliopsida","Poales","Poaceae","unassigned","unassigned"
"41","ASV_1080",434,0,0.00210673475529839,0.00387856593647335,"Eukaryota","Bacillariophyta","Bacillariophyceae","Thalassiophysales","Catenulaceae","Amphora","Amphora sp. 38"
"42","ASV_1507",429,3,0.00209702630020485,9.66089683810212e-06,"Eukaryota","unknown","Dinophyceae","unassigned","unassigned","unassigned","unassigned"
"43","ASV_26455",0,419,0.00203392134209683,1.13657609860025e-06,"Eukaryota","unknown","Dinophyceae","unassigned","unassigned","g_","s_"
"44","ASV_24636",0,416,0.00201935865945652,NA,"Eukaryota","Cryptomycota","unassigned","unassigned","unassigned","unassigned","unassigned"
"45","ASV_8358",405,3,0.00198052483908236,0.0164036345430481,"Eukaryota","Bacillariophyta","Coscinodiscophyceae","Thalassiosirales","Skeletonemataceae","Skeletonema","unassigned"
"46","ASV_26463",0,393,0.0019077114258808,NA,"Eukaryota","unknown","Dinophyceae","Gymnodiniales","Gymnodiniaceae","Gymnodinium","unassigned"
"47","ASV_4118",284,104,0.00188344028814695,5.68288049300125e-06,"Eukaryota","Chytridiomycota","unassigned","unassigned","unassigned","g_","s_"
"48","ASV_26466",0,378,0.00183489801267924,NA,"Eukaryota","unknown","Chrysophyceae","Chromulinales","Dinobryaceae","g_","s_"
"49","ASV_26470",0,357,0.00173295923419706,5.68288049300125e-07,"Eukaryota","unknown","Chrysophyceae","Chromulinales","Chrysoamoebidaceae","g_","s_"
"50","ASV_26472",0,353,0.00171354232400998,NA,"Eukaryota","unassigned","unassigned","unassigned","unassigned","unassigned","s_"
"51","ASV_26473",0,353,0.00171354232400998,NA,"Eukaryota","Discosea","Flabellinia","unknown","Vannellidae","g_","s_"
"52","ASV_26475",0,351,0.00170383386891644,5.68288049300125e-07,"Eukaryota","Streptophyta","Jungermanniopsida","Metzgeriales","Aneuraceae","g_","s_"
"53","ASV_13290",339,0,0.00164558313835519,NA,"Eukaryota","Basidiomycota","unassigned","unassigned","unassigned","unassigned","unassigned"
"54","ASV_26478",0,339,0.00164558313835519,5.68288049300125e-07,"Eukaryota","Microsporidia","unknown","unknown","unknown","g_","s_"
"55","ASV_26480",0,330,0.00160189509043426,5.68288049300125e-07,"Eukaryota","Platyhelminthes","Catenulida","unknown","Catenulidae","Catenula","Catenula sp. KL-2009"
"56","ASV_5895",325,0,0.00157762395270041,7.10360061625156e-05,"Eukaryota","unknown","Dinophyceae","Syndiniales","Amoebophryaceae","Amoebophrya","s_"
"57","ASV_26482",0,325,0.00157762395270041,NA,"Eukaryota","Apicomplexa","Conoidasida","Eucoccidiorida","Eimeriidae","unassigned","unassigned"
"58","ASV_104",322,0,0.0015630612700601,0.00114794185958625,"Eukaryota","unknown","Dinophyceae","unassigned","unassigned","unassigned","unassigned"
"59","ASV_26492",0,292,0.00141743444365698,NA,"Eukaryota","Annelida","Clitellata","Haplotaxida","Naididae","Nais","Nais communis"
"60","ASV_64",282,0,0.00136889216818928,0.000222768915325649,"Eukaryota","Basidiomycota","unassigned","unassigned","unassigned","unassigned","unassigned"
"61","ASV_26496",2,271,0.00132520412026834,1.13657609860025e-06,"no_hit","no_hit","no_hit","no_hit","no_hit","g_","s_"
"62","ASV_19911",268,0,0.00130093298253449,0.00027164168756546,"no_hit","no_hit","no_hit","no_hit","no_hit","no_hit","no_hit"
"63","ASV_8797",0,266,0.00129122452744095,NA,"Eukaryota","unknown","unknown","unknown","Vannellidae","g_","s_"
"64","ASV_1497",258,0,0.00125239070706678,0.00242545339441293,"Eukaryota","unassigned","unassigned","unassigned","unassigned","unassigned","unassigned"
"65","ASV_2982",56,201,0.00124753647952001,5.68288049300125e-07,"Eukaryota","Ascomycota","Saccharomycetes","Saccharomycetales","unassigned","unassigned","unassigned"
"66","ASV_5585",245,0,0.00118928574895877,5.79653810286127e-05,"Eukaryota","unknown","Dinophyceae","Syndiniales","Amoebophryaceae","Amoebophrya","unassigned"
"67","ASV_4130",239,0,0.00116016038367815,4.546304394401e-06,"no_hit","no_hit","no_hit","no_hit","no_hit","no_hit","no_hit"
"68","ASV_4198",239,0,0.00116016038367815,5.68288049300125e-07,"Eukaryota","unknown","Chrysophyceae","Chromulinales","Chromulinaceae","Uroglena","s_"
"69","ASV_26515",0,236,0.00114559770103783,NA,"Eukaryota","Cnidaria","Hydrozoa","Anthoathecata","Pandeidae","Leuckartiara","s_"
"70","ASV_63",235,0,0.00114074347349106,0.000197764241156443,"Eukaryota","Bacillariophyta","Coscinodiscophyceae","Thalassiosirales","unassigned","unassigned","unassigned"
"71","ASV_26522",0,227,0.0011019096531169,NA,"Eukaryota","Tubulinea","Elardia","Euamoebida","Hartmannellidae","Ptolemeba","Ptolemeba bulliensis"
"72","ASV_26523",0,226,0.00109705542557013,5.68288049300125e-07,"Eukaryota","Discosea","Flabellinia","unknown","Vannellidae","Vannella","Vannella miroides"
"73","ASV_26524",0,224,0.00108734697047659,NA,"no_hit","no_hit","no_hit","no_hit","no_hit","g_","s_"
"74","ASV_3727",220,0,0.00106793006028951,0.00199923735743784,"Eukaryota","Arthropoda","Hexanauplia","Poecilostomatoida","Oncaeidae","g_","s_"
"75","ASV_4105",216,1,0.00105336737764919,0.000675694490617848,"Eukaryota","Ciliophora","Spirotrichea","Tintinnida","Tintinnidae","unassigned","unassigned"
"76","ASV_26360",34,181,0.00104365892255565,0.00179294879554189,"Eukaryota","unknown","Dinophyceae","unknown","unknown","unknown","Dinophyceae sp. Shepherd's Crook"
"77","ASV_26529",0,213,0.00103395046746211,NA,"Eukaryota","Basidiomycota","Agaricomycetes","Auriculariales","Auriculariaceae","g_","s_"
"78","ASV_22945",206,3,0.00101453355727503,0.00688537800532031,"Eukaryota","unknown","Dinophyceae","Syndiniales","Amoebophryaceae","g_","s_"
"79","ASV_26534",0,208,0.00100967932972826,5.68288049300125e-07,"no_hit","no_hit","no_hit","no_hit","no_hit","g_","s_"
"80","ASV_734",201,1,0.000980553964447638,3.01192666129066e-05,"Eukaryota","unknown","unknown","unknown","unknown","g_","s_"
"81","ASV_26404",197,0,0.000956282826713785,0.000213108018487547,"Eukaryota","Cercozoa","Chlorarachniophyceae","unknown","unknown","Norrisiella","s_"
"82","ASV_817",195,1,0.000951428599167015,0.000186966768219741,"Eukaryota","unknown","Dinophyceae","Syndiniales","Amoebophryaceae","g_","s_"
"83","ASV_75",192,0,0.000932011688979933,0.00146334172694782,"Eukaryota","unknown","Dinophyceae","unknown","unknown","unknown","Dinophyceae sp. UDMS0803"
"84","ASV_4111",189,0,0.000917449006339621,1.70486414790037e-06,"Eukaryota","unknown","Aphelidea","unknown","unknown","g_","s_"
"85","ASV_547",183,0,0.000888323641058998,0.000195491088959243,"no_hit","no_hit","no_hit","no_hit","no_hit","no_hit","no_hit"
"86","ASV_722",177,0,0.000859198275778375,0.000340404541530775,"Eukaryota","Cercozoa","Thecofilosea","Cryomonadida","Protaspidae","Cryothecomonas","s_"
"87","ASV_26561",0,167,0.000810656000310671,NA,"no_hit","no_hit","no_hit","no_hit","no_hit","g_","s_"
"88","ASV_4057",166,0,0.0008058017727639,0.000424511172827193,"Eukaryota","unknown","Dinophyceae","Syndiniales","Amoebophryaceae","Amoebophrya","unassigned"
"89","ASV_26512",165,0,0.00080094754521713,5.11459244370112e-06,"Eukaryota","Imbricatea","unknown","Thaumatomonadida","Thaumatomastigidae","Protaspis","s_"
"90","ASV_26488",164,0,0.000796093317670359,7.33091583597161e-05,"Eukaryota","unknown","Bigyra","Thraustochytrida","Thraustochytriaceae","g_","s_"
"91","ASV_579",162,0,0.000786384862576818,9.49041042331208e-05,"Eukaryota","unknown","Dinophyceae","unassigned","unassigned","unassigned","unassigned"
"92","ASV_26347",162,0,0.000786384862576818,0.000745025632632464,"no_hit","no_hit","no_hit","no_hit","no_hit","no_hit","no_hit"
"93","ASV_4103",159,1,0.000776676407483277,0.00252149407474465,"Eukaryota","unknown","Dinophyceae","unassigned","unassigned","unassigned","unassigned"
"94","ASV_27981",0,160,0.000776676407483277,NA,"no_hit","no_hit","no_hit","no_hit","no_hit","no_hit","no_hit"
"95","ASV_26396",0,158,0.000766967952389736,0.000563741744905724,"Eukaryota","unknown","Bigyra","Bicosoecida","Cafeteriaceae","Pseudobodo","unassigned"
"96","ASV_5388",157,0,0.000762113724842966,NA,"Eukaryota","unknown","unknown","unknown","Colpodellaceae","g_","s_"
"97","ASV_3105",153,0,0.000742696814655884,3.35289949087074e-05,"Eukaryota","unknown","unknown","unknown","unknown","g_","s_"
"98","ASV_3184",153,0,0.000742696814655884,NA,"Eukaryota","unknown","unknown","unknown","unknown","g_","s_"
"99","ASV_2612",151,1,0.000737842587109113,0.00155540439093444,"Eukaryota","Ciliophora","Spirotrichea","Tintinnida","Tintinnidae","Eutintinnus","Eutintinnus cf. apertus"
"100","ASV_4241",151,0,0.000732988359562343,1.13657609860025e-06,"Eukaryota","Chlorophyta","Chlorophyceae","Sphaeropleales","Scenedesmaceae","unassigned","unassigned"
"101","ASV_26575",148,0,0.000718425676922031,1.13657609860025e-06,"Eukaryota","Discosea","unknown","Himatismenida","Cochliopodiidae","g_","s_"
"102","ASV_26578",0,148,0.000718425676922031,NA,"no_hit","no_hit","no_hit","no_hit","no_hit","g_","s_"
"103","ASV_26503",145,0,0.00070386299428172,7.95603269020175e-06,"Eukaryota","unknown","Bigyra","Oblongichytrida","unknown","g_","s_"
"104","ASV_4172",136,0,0.000660174946360786,2.84144024650062e-06,"Eukaryota","Chytridiomycota","unassigned","unassigned","unassigned","unassigned","unassigned"
"105","ASV_6002",136,0,0.000660174946360786,0.00252319893889255,"Eukaryota","unknown","Dinophyceae","Gymnodiniales","Gymnodiniaceae","g_","s_"
"106","ASV_41",133,1,0.000650466491267245,0.0119522342528802,"Eukaryota","unknown","unknown","unknown","unknown","unknown","uncultured marine eukaryote"
"107","ASV_366",128,0,0.000621341125986622,0.000306307258572767,"Eukaryota","unknown","Diplonemea","Diplonemea","Diplonemidae","g_","s_"
"108","ASV_911",122,1,0.000597069988252769,9.092608788802e-06,"Eukaryota","unknown","Dinophyceae","unassigned","unassigned","unassigned","unassigned"
"109","ASV_631",119,2,0.000587361533159228,0.00596645622960201,"Eukaryota","unknown","Dinophyceae","unassigned","unassigned","unassigned","unassigned"
"110","ASV_1810",119,0,0.000577653078065687,2.84144024650062e-06,"Eukaryota","unknown","Diplonemea","Diplonemea","unknown","g_","s_"
"111","ASV_4729",117,0,0.000567944622972146,5.11459244370112e-06,"Eukaryota","Chytridiomycota","unassigned","unassigned","unassigned","unassigned","unassigned"
"112","ASV_15987",115,0,0.000558236167878605,5.39873646835119e-05,"Eukaryota","unassigned","unassigned","unassigned","unassigned","g_","s_"
"113","ASV_26504",115,0,0.000558236167878605,1.13657609860025e-06,"Eukaryota","Ciliophora","Spirotrichea","unassigned","unassigned","unassigned","unassigned"
"114","ASV_26626",0,112,0.000543673485238294,NA,"no_hit","no_hit","no_hit","no_hit","no_hit","g_","s_"
"115","ASV_23196",111,0,0.000538819257691524,2.38680980706052e-05,"Eukaryota","Cercozoa","Thecofilosea","unknown","unknown","g_","s_"
"116","ASV_16083",109,0,0.000529110802597983,0.000921763215964802,"Eukaryota","Chlorophyta","unassigned","unassigned","unassigned","unassigned","unassigned"
"117","ASV_1413",108,0,0.000524256575051212,2.32998100213051e-05,"Eukaryota","unknown","unknown","unknown","unknown","unknown","s_"
"118","ASV_391",107,0,0.000519402347504442,0.000377911552784583,"Eukaryota","unassigned","unassigned","unassigned","unassigned","unassigned","unassigned"
"119","ASV_2214",104,3,0.000519402347504442,0.00424738488046913,"Eukaryota","Bacillariophyta","Coscinodiscophyceae","Leptocylindrales","Leptocylindraceae","Leptocylindrus","unassigned"
"120","ASV_792",106,0,0.000514548119957671,0.000174464431135138,"Eukaryota","Cercozoa","unassigned","unassigned","unassigned","unassigned","unassigned"
"121","ASV_4141",105,0,0.000509693892410901,6.30799734723139e-05,"Eukaryota","Bacillariophyta","Bacillariophyceae","Naviculales","Naviculaceae","Haslea","unassigned"
"122","ASV_4154",104,0,0.00050483966486413,1.70486414790037e-06,"Eukaryota","Chlorophyta","Ulvophyceae","Cladophorales","Cladophoraceae","Cladophora","unassigned"
"123","ASV_17583",101,0,0.000490276982223819,1.70486414790037e-06,"Eukaryota","unknown","unknown","unknown","Paramoebidae","unassigned","unassigned"
"124","ASV_2296",99,0,0.000480568527130278,0.000171054702839338,"Eukaryota","unknown","Dinophyceae","Syndiniales","Amoebophryaceae","Amoebophrya","s_"
"125","ASV_594",94,4,0.000475714299583507,0.002253262115475,"Eukaryota","unknown","Dinophyceae","Gymnodiniales","Warnowiaceae","Warnowia","unassigned"
"126","ASV_785",89,7,0.000466005844489966,0.00422976795094083,"Eukaryota","unknown","Dinophyceae","Gonyaulacales","Ceratiaceae","Tripos","Tripos tenuis"
"127","ASV_4362",96,0,0.000466005844489966,5.68288049300125e-07,"Eukaryota","Platyhelminthes","Rhabditophora","Rhabdocoela","Polycystididae","g_","s_"
"128","ASV_4841",96,0,0.000466005844489966,5.68288049300125e-07,"Eukaryota","Gastrotricha","unassigned","unassigned","unassigned","unassigned","unassigned"
"129","ASV_26618",93,0,0.000451443161849655,8.52432073950187e-06,"Eukaryota","unassigned","unassigned","unassigned","unassigned","unassigned","unassigned"
"130","ASV_131",90,0,0.000436880479209343,0.000125591658895328,"Eukaryota","unknown","Dinophyceae","Gymnodiniales","Kareniaceae","Karlodinium","unassigned"
"131","ASV_26502",87,0,0.000422317796569032,1.53437773311034e-05,"Eukaryota","unknown","Choanoflagellata","Acanthoecida","unassigned","unassigned","unassigned"
"132","ASV_26676",0,87,0.000422317796569032,NA,"Eukaryota","Discosea","Flabellinia","unknown","Vannellidae","g_","s_"
"133","ASV_3925",0,85,0.000412609341475491,5.68288049300125e-07,"Eukaryota","unknown","unknown","unknown","Hartmannellidae","unassigned","unassigned"
"134","ASV_26366",83,0,0.00040290088638195,0.00133093061146089,"Eukaryota","unknown","Dinophyceae","Peridiniales","Protoperidiniaceae","Protoperidinium","s_"
"135","ASV_997",81,0,0.000393192431288409,6.8194565916015e-05,"Eukaryota","unknown","Dinophyceae","Syndiniales","Amoebophryaceae","g_","s_"
"136","ASV_4335",81,0,0.000393192431288409,0.000234134676311651,"Eukaryota","Cryptophyta","unknown","Pyrenomonadales","Geminigeraceae","Proteomonas","unassigned"
"137","ASV_258",74,6,0.000388338203741639,0.0503685063855687,"Eukaryota","unknown","unknown","unknown","unknown","unknown","phototrophic eukaryote"
"138","ASV_4244",79,0,0.000383483976194868,1.13657609860025e-06,"Eukaryota","Chlorophyta","Chlorophyceae","Oedogoniales","unknown","Oedogonium","unassigned"
"139","ASV_26349",75,3,0.000378629748648098,0.00898861207578007,"Eukaryota","Ciliophora","Spirotrichea","Tintinnida","Metacylididae","Rhizodomus","Rhizodomus tagatzi"
"140","ASV_3655",77,0,0.000373775521101327,4.88727722398107e-05,"Eukaryota","Cercozoa","unknown","Euglyphida","Paulinellidae","g_","s_"
"141","ASV_23137",76,0,0.000368921293554557,2.2731521972005e-05,"Eukaryota","Cercozoa","unknown","Thaumatomonadida","Thaumatomastigidae","g_","s_"
"142","ASV_5389",74,0,0.000359212838461016,NA,"Eukaryota","unassigned","unassigned","unassigned","unassigned","unassigned","unassigned"
"143","ASV_719",73,0,0.000354358610914245,0.000705245469181455,"Eukaryota","unknown","Haptophyta","Isochrysidales","Noelaerhabdaceae","unassigned","unassigned"
"144","ASV_8329",73,0,0.000354358610914245,1.07974729367024e-05,"Eukaryota","unknown","unknown","unknown","Apusomonadidae","Amastigomonas","Amastigomonas sp. 2 Bamfield"
"145","ASV_3814",72,0,0.000349504383367475,1.07974729367024e-05,"Eukaryota","Chlorophyta","unassigned","unassigned","unassigned","unassigned","unassigned"
"146","ASV_26539",71,0,0.000344650155820704,6.70579898174147e-05,"Eukaryota","unknown","Dinophyceae","Syndiniales","Amoebophryaceae","g_","s_"
"147","ASV_1522",69,0,0.000334941700727163,9.14943759373201e-05,"Eukaryota","Bacillariophyta","Coscinodiscophyceae","Chaetocerotales","Chaetocerotaceae","Chaetoceros","Chaetoceros curvisetus"
"148","ASV_3074",69,0,0.000334941700727163,NA,"Eukaryota","Ascomycota","Eurotiomycetes","Eurotiales","Aspergillaceae","Aspergillus","unassigned"
"149","ASV_1967",68,0,0.000330087473180393,3.23924188101071e-05,"Eukaryota","unknown","Dinophyceae","Blastodiniales","unknown","g_","s_"
"150","ASV_293",67,0,0.000325233245633622,0.00112236889736775,"Eukaryota","Ciliophora","Spirotrichea","unassigned","unassigned","unassigned","unassigned"
"151","ASV_2162",67,0,0.000325233245633622,2.61412502678057e-05,"Eukaryota","unknown","Dinophyceae","Syndiniales","Amoebophryaceae","g_","s_"
"152","ASV_3469",67,0,0.000325233245633622,8.52432073950187e-06,"no_hit","no_hit","no_hit","no_hit","no_hit","no_hit","no_hit"
"153","ASV_5630",67,0,0.000325233245633622,1.13657609860025e-06,"Eukaryota","Chlorophyta","Chlorophyceae","unassigned","unassigned","unassigned","s_"
"154","ASV_15789",67,0,0.000325233245633622,7.95603269020175e-06,"Eukaryota","unknown","unknown","unknown","unknown","unknown","uncultured marine eukaryote"
"155","ASV_26714",67,0,0.000325233245633622,2.2731521972005e-06,"Eukaryota","unknown","unknown","unknown","unknown","unknown","uncultured marine eukaryote"
"156","ASV_26743",66,0,0.000320379018086852,NA,"Eukaryota","unknown","Dinophyceae","Thoracosphaerales","Thoracosphaeraceae","g_","s_"
"157","ASV_4184",65,0,0.000315524790540081,NA,"Eukaryota","unassigned","unassigned","unassigned","unassigned","g_","s_"
"158","ASV_26597",64,0,0.000310670562993311,1.13657609860025e-06,"Eukaryota","Mucoromycota","Glomeromycetes","Diversisporales","Gigasporaceae","g_","s_"
"159","ASV_983",63,0,0.00030581633544654,5.22825005356115e-05,"Eukaryota","unknown","Dinophyceae","unassigned","unassigned","unassigned","s_"
"160","ASV_4564",63,0,0.00030581633544654,NA,"Eukaryota","Ascomycota","Saccharomycetes","Saccharomycetales","Saccharomycetaceae","Saccharomyces","Saccharomyces cerevisiae"
"161","ASV_219",62,0,0.00030096210789977,0.00622104927568847,"Eukaryota","Bacillariophyta","Coscinodiscophyceae","Thalassiosirales","Stephanodiscaceae","Cyclotella","unassigned"
"162","ASV_886",62,0,0.00030096210789977,NA,"Eukaryota","Streptophyta","unknown","Solanales","Solanaceae","Solanum","unassigned"
"163","ASV_1026",62,0,0.00030096210789977,0.000207993426043846,"Eukaryota","unknown","Dinophyceae","Syndiniales","Amoebophryaceae","Amoebophrya","unassigned"
"164","ASV_4809",60,2,0.00030096210789977,2.04583697748045e-05,"Eukaryota","unknown","Chrysophyceae","unassigned","unassigned","unassigned","unassigned"
"165","ASV_13803",60,1,0.000296107880352999,0.000329607068594072,"Eukaryota","unknown","unknown","unknown","unknown","g_","s_"
"166","ASV_9787",60,0,0.000291253652806229,NA,"Eukaryota","Bacillariophyta","Bacillariophyceae","Cymbellales","Gomphonemataceae","Gomphonema","unassigned"
"167","ASV_26732",60,0,0.000291253652806229,1.13657609860025e-06,"Eukaryota","Discosea","Flabellinia","Dactylopodida","Paramoebidae","unassigned","unassigned"
"168","ASV_6058",59,0,0.000286399425259458,6.8194565916015e-06,"Eukaryota","Ciliophora","Spirotrichea","Sporadotrichida","Oxytrichidae","g_","s_"
"169","ASV_26354",58,1,0.000286399425259458,0.00309262356429128,"Eukaryota","unknown","Dinophyceae","unassigned","unassigned","unassigned","unassigned"
"170","ASV_21",58,0,0.000281545197712688,0.00160314058707565,"Eukaryota","Bacillariophyta","Bacillariophyceae","Bacillariales","Bacillariaceae","unassigned","unassigned"
"171","ASV_5265",58,0,0.000281545197712688,9.49041042331208e-05,"Eukaryota","unknown","Dinophyceae","unassigned","unassigned","unassigned","unassigned"
"172","ASV_26771",57,1,0.000281545197712688,NA,"Eukaryota","unknown","Dinophyceae","Thoracosphaerales","Thoracosphaeraceae","Ensiculifera","Ensiculifera imariensis"
"173","ASV_776",57,0,0.000276690970165918,9.49041042331208e-05,"Eukaryota","unknown","Dinophyceae","unassigned","unassigned","unassigned","unassigned"
"174","ASV_27986",57,0,0.000276690970165918,NA,"no_hit","no_hit","no_hit","no_hit","no_hit","no_hit","no_hit"
"175","ASV_1732",56,0,0.000271836742619147,9.66089683810212e-05,"Eukaryota","unknown","Dinophyceae","Syndiniales","Amoebophryaceae","Amoebophrya","unassigned"
"176","ASV_4515",56,0,0.000271836742619147,8.35383432471183e-05,"Eukaryota","Chlorophyta","unassigned","unassigned","unassigned","g_","s_"
"177","ASV_4788",56,0,0.000271836742619147,0.000129001387191128,"Eukaryota","unassigned","unassigned","unassigned","unassigned","unassigned","unassigned"
"178","ASV_26775",56,0,0.000271836742619147,5.68288049300125e-07,"Eukaryota","unknown","Dinophyceae","unknown","unknown","g_","s_"
"179","ASV_3426",55,0,0.000266982515072377,1.13657609860025e-06,"Eukaryota","unknown","unknown","unknown","unknown","g_","s_"
"180","ASV_5349",55,0,0.000266982515072377,0.000157415789656135,"Eukaryota","unknown","Dinophyceae","Gymnodiniales","Warnowiaceae","Warnowia","Warnowia sp. BSL-2009a"
"181","ASV_8407",55,0,0.000266982515072377,6.30799734723139e-05,"Eukaryota","Apicomplexa","Conoidasida","Eucoccidiorida","Sarcocystidae","g_","s_"
"182","ASV_24728",54,1,0.000266982515072377,1.47754892818032e-05,"Eukaryota","unknown","Labyrinthulomycetes","unknown","Thraustochytriaceae","unassigned","s_"
"183","ASV_26790",55,0,0.000266982515072377,NA,"Eukaryota","Evosea","unknown","Mastigamoebida","Mastigamoebidae","g_","s_"
"184","ASV_11119",54,0,0.000262128287525606,1.02291848874022e-05,"Eukaryota","unknown","Dinophyceae","Syndiniales","Amoebophryaceae","Amoebophrya","s_"
"185","ASV_31",53,0,0.000257274059978836,0.000802991013661076,"Eukaryota","Bacillariophyta","Coscinodiscophyceae","Thalassiosirales","unassigned","unassigned","unassigned"
"186","ASV_205",53,0,0.000257274059978836,6.70579898174147e-05,"Eukaryota","unknown","Labyrinthulomycetes","unknown","Thraustochytriaceae","Aplanochytrium","Aplanochytrium kerguelense"
"187","ASV_4469",53,0,0.000257274059978836,0.00144345164522232,"Eukaryota","unknown","unknown","unknown","unknown","unknown","uncultured marine eukaryote"
"188","ASV_26693",53,0,0.000257274059978836,1.59120653804035e-05,"Eukaryota","unknown","unknown","Telonemida","unknown","g_","s_"
"189","ASV_4298",52,0,0.000252419832432065,NA,"Eukaryota","Ciliophora","Spirotrichea","unknown","unknown","unknown","Choreotrichia sp. bTS1"
"190","ASV_27988",0,52,0.000252419832432065,NA,"no_hit","no_hit","no_hit","no_hit","no_hit","no_hit","no_hit"
"191","ASV_352",51,0,0.000247565604885295,5.17142124863114e-05,"Eukaryota","unknown","unknown","unknown","unknown","unknown","uncultured marine picoeukaryote"
"192","ASV_418",50,0,0.000242711377338524,0.000219927475079148,"no_hit","no_hit","no_hit","no_hit","no_hit","no_hit","no_hit"
"193","ASV_26703",50,0,0.000242711377338524,NA,"Eukaryota","Discosea","Flabellinia","Dactylopodida","Paramoebidae","Paramoeba","Paramoeba aestuarina"
"194","ASV_2927",49,0,0.000237857149791754,1.53437773311034e-05,"Eukaryota","unknown","Dinophyceae","Prorocentrales","Prorocentraceae","g_","s_"
"195","ASV_6418",49,0,0.000237857149791754,2.2731521972005e-06,"Eukaryota","Cercozoa","unassigned","unassigned","unassigned","g_","s_"
"196","ASV_12744",49,0,0.000237857149791754,0.000543851663180219,"Eukaryota","unknown","unknown","unknown","unknown","g_","s_"
"197","ASV_26824",49,0,0.000237857149791754,NA,"Eukaryota","Ascomycota","Dothideomycetes","Dothideales","unassigned","unassigned","unassigned"
"198","ASV_412",48,0,0.000233002922244983,0.0209044758935051,"Eukaryota","unknown","Dinophyceae","Gymnodiniales","Gymnodiniaceae","Cochlodinium","unassigned"
"199","ASV_549",48,0,0.000233002922244983,0.000275619703910561,"Eukaryota","unknown","Dinophyceae","Peridiniales","Heterocapsaceae","unassigned","unassigned"
"200","ASV_3744",48,0,0.000233002922244983,2.55729622185056e-05,"Eukaryota","unknown","Dinophyceae","Syndiniales","Amoebophryaceae","Amoebophrya","s_"
"201","ASV_6742",48,0,0.000233002922244983,0.000254024758037156,"Eukaryota","Cryptophyta","unknown","Cryptomonadales","Goniomonadaceae","g_","s_"
"202","ASV_26780",48,0,0.000233002922244983,2.84144024650062e-06,"Eukaryota","unassigned","unassigned","unassigned","unassigned","unassigned","s_"
"203","ASV_26831",48,0,0.000233002922244983,NA,"Eukaryota","Chlorophyta","Mamiellophyceae","unknown","unknown","g_","s_"
"204","ASV_6974",47,0,0.000228148694698213,4.31898917468095e-05,"Eukaryota","unknown","Dinophyceae","Syndiniales","Amoebophryaceae","g_","s_"
"205","ASV_26812",47,0,0.000228148694698213,NA,"Eukaryota","Basidiomycota","Agaricomycetes","unassigned","unassigned","g_","s_"
"206","ASV_72",46,0,0.000223294467151442,1.98900817255044e-05,"Eukaryota","Bacillariophyta","Coscinodiscophyceae","Coscinodiscales","Hemidiscaceae","Actinocyclus","Actinocyclus curvatulus"
"207","ASV_4920",46,0,0.000223294467151442,4.546304394401e-06,"Eukaryota","Chlorophyta","Nephroselmidophyceae","unknown","unknown","g_","s_"
"208","ASV_26841",46,0,0.000223294467151442,NA,"Eukaryota","unassigned","unassigned","unassigned","unassigned","unassigned","unassigned"
"209","ASV_12208",45,0,0.000218440239604672,5.11459244370112e-05,"Eukaryota","unknown","Dinophyceae","Peridiniales","Peridiniaceae","g_","s_"
"210","ASV_26852",45,0,0.000218440239604672,NA,"Eukaryota","Arthropoda","Insecta","Hemiptera","Diaspididae","unassigned","unassigned"
"211","ASV_26853",44,0,0.000213586012057901,NA,"Eukaryota","Chlorophyta","Chlorophyceae","Sphaeropleales","Scenedesmaceae","Desmodesmus","unassigned"
"212","ASV_27989",44,0,0.000213586012057901,NA,"no_hit","no_hit","no_hit","no_hit","no_hit","no_hit","no_hit"
"213","ASV_374",43,0,0.000208731784511131,0.000607499924701834,"Eukaryota","Ciliophora","Spirotrichea","unknown","Strombidiidae","unassigned","unassigned"
"214","ASV_4260",43,0,0.000208731784511131,NA,"Eukaryota","Cercozoa","unassigned","unassigned","unassigned","g_","s_"
"215","ASV_4581",43,0,0.000208731784511131,5.68288049300125e-07,"Eukaryota","Cryptophyta","unknown","Cryptomonadales","Cryptomonadaceae","Cryptomonas","Cryptomonas marssonii"
"216","ASV_23075",43,0,0.000208731784511131,0.000704677181132155,"Eukaryota","unknown","Dinophyceae","Gymnodiniales","Gymnodiniaceae","Paragymnodinium","s_"
"217","ASV_26411",43,0,0.000208731784511131,0.000377343264735283,"Eukaryota","unknown","Dinophyceae","Syndiniales","Amoebophryaceae","g_","s_"
"218","ASV_26421",43,0,0.000208731784511131,0.000159688941853335,"Eukaryota","unassigned","unassigned","unassigned","unassigned","unassigned","s_"
"219","ASV_2522",42,0,0.00020387755696436,NA,"Eukaryota","Cryptophyta","unknown","Cryptomonadales","Cryptomonadaceae","Cryptomonas","unassigned"
"220","ASV_5791",42,0,0.00020387755696436,1.76169295283039e-05,"Eukaryota","unknown","unknown","unknown","unknown","g_","s_"
"221","ASV_7440",42,0,0.00020387755696436,NA,"no_hit","no_hit","no_hit","no_hit","no_hit","g_","s_"
"222","ASV_26352",42,0,0.00020387755696436,1.59120653804035e-05,"Eukaryota","unknown","Dinophyceae","Peridiniales","unassigned","unassigned","unassigned"
"223","ASV_26458",42,0,0.00020387755696436,0.000207425137994546,"Eukaryota","Cercozoa","Chlorarachniophyceae","unknown","unknown","Minorisa","Minorisa sp. SRT705"
"224","ASV_26850",42,0,0.00020387755696436,1.70486414790037e-06,"no_hit","no_hit","no_hit","no_hit","no_hit","g_","s_"
"225","ASV_4148",41,0,0.00019902332941759,NA,"Eukaryota","unknown","Dinophyceae","unassigned","unassigned","g_","s_"
"226","ASV_4210",41,0,0.00019902332941759,0.0018264777904506,"Eukaryota","unknown","Dinophyceae","Syndiniales","Amoebophryaceae","Amoebophrya","s_"
"227","ASV_27990",41,0,0.00019902332941759,NA,"no_hit","no_hit","no_hit","no_hit","no_hit","no_hit","no_hit"
"228","ASV_2068",40,0,0.000194169101870819,6.8194565916015e-06,"Eukaryota","Ascomycota","Dothideomycetes","unassigned","unassigned","unassigned","unassigned"
"229","ASV_5009",40,0,0.000194169101870819,5.68288049300125e-07,"Eukaryota","Basidiomycota","Malasseziomycetes","Malasseziales","Malasseziaceae","Malassezia","unassigned"
"230","ASV_8500",40,0,0.000194169101870819,2.89826905143064e-05,"Eukaryota","Ciliophora","Spirotrichea","unassigned","unassigned","unassigned","unassigned"
"231","ASV_1538",38,1,0.000189314874324049,0.000372796960340882,"Eukaryota","Cercozoa","Thecofilosea","unknown","unknown","g_","s_"
"232","ASV_26751",39,0,0.000189314874324049,4.546304394401e-06,"Eukaryota","Brachiopoda","Rhynchonellata","unassigned","unassigned","g_","s_"
"233","ASV_26892",39,0,0.000189314874324049,NA,"no_hit","no_hit","no_hit","no_hit","no_hit","g_","s_"
"234","ASV_26861",38,0,0.000184460646777278,2.84144024650062e-06,"Eukaryota","unknown","Dinophyceae","Peridiniales","unassigned","unassigned","unassigned"
"235","ASV_329",37,0,0.000179606419230508,4.546304394401e-06,"Eukaryota","unknown","unknown","Telonemida","unknown","g_","s_"
"236","ASV_9567",37,0,0.000179606419230508,NA,"Eukaryota","unknown","unknown","Vampyrellida","Leptophryidae","g_","s_"
"237","ASV_26364",36,1,0.000179606419230508,9.94504086275219e-05,"Eukaryota","unknown","Chrysophyceae","unassigned","unassigned","unassigned","unassigned"
"238","ASV_26510",37,0,0.000179606419230508,0.000112521033761425,"Eukaryota","unknown","Dinophyceae","Gymnodiniales","unassigned","unassigned","unassigned"
"239","ASV_26779",36,0,0.000174752191683737,1.07974729367024e-05,"Eukaryota","Chlorophyta","Pyramimonadophyceae","Pyramimonadales","Pyramimonadaceae","Pterosperma","Pterosperma cristatum"
"240","ASV_26908",36,0,0.000174752191683737,5.68288049300125e-07,"Eukaryota","Cercozoa","unknown","Cercomonadida","Cercomonadidae","g_","s_"
"241","ASV_26919",36,0,0.000174752191683737,NA,"no_hit","no_hit","no_hit","no_hit","no_hit","g_","s_"
"242","ASV_26920",36,0,0.000174752191683737,NA,"Eukaryota","Chlorophyta","Chlorophyceae","Chlamydomonadales","Chlamydomonadaceae","Chlamydomonas","unassigned"
"243","ASV_4523",35,0,0.000169897964136967,5.68288049300125e-07,"Eukaryota","unknown","Aphelidea","unknown","unknown","Amoeboaphelidium","unassigned"
"244","ASV_5163",35,0,0.000169897964136967,0.000118772202303726,"Eukaryota","Chlorophyta","unknown","Pyramimonadales","unknown","Pyramimonas","Pyramimonas gelidicola"
"245","ASV_6700",35,0,0.000169897964136967,1.02291848874022e-05,"Eukaryota","unknown","unknown","unknown","unknown","g_","s_"
"246","ASV_2363",34,0,0.000165043736590196,7.38774464090162e-05,"Eukaryota","unknown","unknown","Bicosoecida","Cafeteriaceae","Pseudobodo","s_"
"247","ASV_5267",34,0,0.000165043736590196,NA,"Eukaryota","Basidiomycota","Agaricomycetes","unassigned","unassigned","unassigned","unassigned"
"248","ASV_26940",34,0,0.000165043736590196,NA,"Eukaryota","unassigned","unassigned","unassigned","unassigned","g_","s_"
"249","ASV_4206",33,0,0.000160189509043426,2.15949458734047e-05,"Eukaryota","unknown","Dictyochophyceae","Florenciellales","unknown","Pseudochattonella","unassigned"
"250","ASV_7330",33,0,0.000160189509043426,NA,"Eukaryota","unassigned","unassigned","unassigned","unassigned","g_","s_"
"251","ASV_26422",33,0,0.000160189509043426,0.000295509785636065,"Eukaryota","Annelida","Polychaeta","unassigned","unassigned","unassigned","unassigned"
"252","ASV_4366",32,0,0.000155335281496655,NA,"Eukaryota","Apicomplexa","Conoidasida","Eucoccidiorida","Eimeriidae","g_","s_"
"253","ASV_26897",32,0,0.000155335281496655,NA,"Eukaryota","Chlorophyta","Mamiellophyceae","Dolichomastigales","Crustomastigaceae","g_","s_"
"254","ASV_26963",32,0,0.000155335281496655,NA,"Eukaryota","Cercozoa","unassigned","unassigned","unassigned","g_","s_"
"255","ASV_26964",32,0,0.000155335281496655,NA,"Eukaryota","Cercozoa","Thecofilosea","Tectofilosida","Chlamydophryidae","Lecythium","s_"
"256","ASV_4381",31,0,0.000150481053949885,NA,"Eukaryota","unknown","Choanoflagellatea","Choanoflagellata","Salpingoecidae","g_","s_"
"257","ASV_8695",31,0,0.000150481053949885,NA,"Eukaryota","Bacillariophyta","unassigned","unassigned","unassigned","unassigned","unassigned"
"258","ASV_9708",31,0,0.000150481053949885,NA,"Eukaryota","unassigned","unassigned","unassigned","unassigned","g_","s_"
"259","ASV_26656",31,0,0.000150481053949885,4.546304394401e-06,"Eukaryota","unknown","unknown","unknown","Developea","Developayella","Developayella elegans"
"260","ASV_26979",31,0,0.000150481053949885,NA,"Eukaryota","unknown","Bigyra","Bicosoecida","unassigned","unassigned","s_"
"261","ASV_57",30,0,0.000145626826403114,NA,"Eukaryota","unknown","Dinophyceae","Syndiniales","unassigned","unassigned","unassigned"
"262","ASV_26991",30,0,0.000145626826403114,NA,"Eukaryota","Euglenozoa","Diplonemea","Diplonemea","unknown","g_","s_"
"263","ASV_4695",29,0,0.000140772598856344,NA,"Eukaryota","unassigned","unassigned","unassigned","unassigned","unassigned","unassigned"
"264","ASV_26540",29,0,0.000140772598856344,1.98900817255044e-05,"no_hit","no_hit","no_hit","no_hit","no_hit","g_","s_"
"265","ASV_11",28,0,0.000135918371309574,0.00290792994826874,"no_hit","no_hit","no_hit","no_hit","no_hit","no_hit","no_hit"
"266","ASV_2174",28,0,0.000135918371309574,0.000630231446673838,"Eukaryota","unknown","Dinophyceae","Gymnodiniales","Gymnodiniaceae","Paragymnodinium","Paragymnodinium shiwhaense"
"267","ASV_2998",28,0,0.000135918371309574,1.13657609860025e-06,"Eukaryota","unknown","Labyrinthulomycetes","unknown","Thraustochytriaceae","Oblongichytrium","Oblongichytrium sp. BAFCcult 3519"
"268","ASV_6612",28,0,0.000135918371309574,5.68288049300125e-07,"Eukaryota","Apicomplexa","Conoidasida","Eucoccidiorida","Eimeriidae","g_","s_"
"269","ASV_11429",28,0,0.000135918371309574,2.78461144157061e-05,"Eukaryota","unknown","Raphidophyceae","Chattonellales","Chattonellaceae","Heterosigma","Heterosigma akashiwo"
"270","ASV_543",27,0,0.000131064143762803,7.95603269020175e-06,"Eukaryota","unknown","Dinophyceae","Peridiniales","unassigned","unassigned","unassigned"
"271","ASV_1348",27,0,0.000131064143762803,1.3638913183203e-05,"Eukaryota","unknown","Dinophyceae","Syndiniales","Amoebophryaceae","Amoebophrya","unassigned"
"272","ASV_5700",27,0,0.000131064143762803,NA,"Eukaryota","unknown","Choanoflagellatea","Choanoflagellata","Salpingoecidae","g_","s_"
"273","ASV_26826",27,0,0.000131064143762803,4.546304394401e-06,"Eukaryota","Discosea","Flabellinia","unknown","Vannellidae","g_","s_"
"274","ASV_27030",27,0,0.000131064143762803,NA,"Eukaryota","Bacillariophyta","Coscinodiscophyceae","Melosirales","Stephanopyxidaceae","g_","s_"
"275","ASV_27031",27,0,0.000131064143762803,NA,"Eukaryota","Cnidaria","Myxozoa","Bivalvulida","Myxobolidae","Myxobolus","s_"
"276","ASV_38",26,0,0.000126209916216033,3.40972829580075e-06,"Eukaryota","Cnidaria","Hydrozoa","Siphonophorae","unassigned","unassigned","unassigned"
"277","ASV_4425",26,0,0.000126209916216033,1.13657609860025e-06,"Eukaryota","unknown","Choanoflagellatea","Choanoflagellata","Salpingoecidae","g_","s_"
"278","ASV_4691",25,1,0.000126209916216033,0.000712064925773056,"Eukaryota","unknown","Dinophyceae","Gymnodiniales","Warnowiaceae","Proterythropsis","Proterythropsis sp. BSL-2009a"
"279","ASV_6199",26,0,0.000126209916216033,0.00322673954392611,"Eukaryota","unknown","unknown","unknown","unknown","unknown","uncultured marine picoeukaryote"
"280","ASV_10907",26,0,0.000126209916216033,NA,"Eukaryota","Chytridiomycota","Chytridiomycetes","Rhizophydiales","Rhizophydiaceae","Rhizophydium","Rhizophydium patellarium"
"281","ASV_26727",26,0,0.000126209916216033,2.21632339227049e-05,"Eukaryota","unknown","Dinophyceae","Syndiniales","Amoebophryaceae","Amoebophrya","s_"
"282","ASV_4",9,16,0.000121355688669262,4.88727722398107e-05,"Eukaryota","Arthropoda","Hexanauplia","Calanoida","Metridinidae","Metridia","unassigned"
"283","ASV_4812",25,0,0.000121355688669262,NA,"Eukaryota","Ascomycota","Dothideomycetes","Dothideales","unassigned","unassigned","unassigned"
"284","ASV_14311",25,0,0.000121355688669262,3.40972829580075e-06,"Eukaryota","unknown","Dinophyceae","Syndiniales","Amoebophryaceae","Amoebophrya","s_"
"285","ASV_26880",25,0,0.000121355688669262,NA,"Eukaryota","unknown","Dinophyceae","Syndiniales","Amoebophryaceae","g_","s_"
"286","ASV_27058",25,0,0.000121355688669262,NA,"Eukaryota","Ciliophora","Spirotrichea","Sporadotrichida","Halteriidae","Halteria","Halteria grandinella"
"287","ASV_4594",24,0,0.000116501461122492,0.00013582084378273,"Eukaryota","unassigned","unassigned","unassigned","unassigned","unassigned","unassigned"
"288","ASV_8132",24,0,0.000116501461122492,1.3638913183203e-05,"Eukaryota","unknown","unknown","unknown","unknown","unknown","uncultured marine eukaryote"
"289","ASV_1862",23,0,0.000111647233575721,0.000356316606911178,"Eukaryota","unknown","Katablepharidophyta","unknown","Katablepharidaceae","Katablepharis","Katablepharis japonica"
"290","ASV_2337",23,0,0.000111647233575721,0.000144345164522232,"Eukaryota","unassigned","unassigned","unassigned","unassigned","unassigned","unassigned"
"291","ASV_4454",23,0,0.000111647233575721,1.19340490353026e-05,"Eukaryota","unknown","Dinophyceae","Coccidiniales","Chytriodiniaceae","Chytriodinium","Chytriodinium sp. Atlantic"
"292","ASV_5553",23,0,0.000111647233575721,3.97801634510087e-06,"Eukaryota","Ascomycota","Eurotiomycetes","Eurotiales","Aspergillaceae","unassigned","unassigned"
"293","ASV_27097",23,0,0.000111647233575721,NA,"Eukaryota","Microsporidia","unknown","unknown","unknown","Mitosporidium","Mitosporidium daphniae"
"294","ASV_26974",22,0,0.000106793006028951,5.68288049300125e-07,"no_hit","no_hit","no_hit","no_hit","no_hit","g_","s_"
"295","ASV_27043",22,0,0.000106793006028951,2.2731521972005e-06,"Eukaryota","unknown","Dinophyceae","unknown","unknown","unknown","Dinophyceae sp. CCMP1878"
"296","ASV_208",21,0,0.00010193877848218,0.000626821718378038,"Eukaryota","unknown","Dinophyceae","unassigned","unassigned","unassigned","unassigned"
"297","ASV_3788",21,0,0.00010193877848218,0.000222200627276349,"Eukaryota","unknown","unknown","unknown","unknown","g_","s_"
"298","ASV_6112",21,0,0.00010193877848218,0.000558058864412723,"Eukaryota","Chlorophyta","Mamiellophyceae","Mamiellales","Mamiellaceae","g_","s_"
"299","ASV_9716",21,0,0.00010193877848218,NA,"Eukaryota","Apicomplexa","Conoidasida","Eucoccidiorida","Eimeriidae","g_","s_"
"300","ASV_27142",0,21,0.00010193877848218,NA,"Eukaryota","Apicomplexa","Conoidasida","Eucoccidiorida","Eimeriidae","g_","s_"
"301","ASV_26694",20,0,9.70845509354096e-05,9.66089683810212e-06,"Eukaryota","unknown","unknown","unknown","unknown","unknown","uncultured marine eukaryote"
"302","ASV_278",18,1,9.22303233886392e-05,0.0164076125593932,"Eukaryota","unknown","Dinophyceae","unassigned","unassigned","unassigned","unassigned"
"303","ASV_4159",19,0,9.22303233886392e-05,NA,"Eukaryota","Cercozoa","unassigned","unassigned","unassigned","unassigned","s_"
"304","ASV_4157",18,0,8.73760958418687e-05,3.01192666129066e-05,"Eukaryota","unknown","Dinophyceae","Syndiniales","Amoebophryaceae","Amoebophrya","unassigned"
"305","ASV_4707",17,1,8.73760958418687e-05,0.000462018184081001,"Eukaryota","unknown","Haptophyta","unassigned","unassigned","unassigned","unassigned"
"306","ASV_27151",18,0,8.73760958418687e-05,1.13657609860025e-06,"Eukaryota","Platyhelminthes","Catenulida","unknown","Stenostomidae","Stenostomum","Stenostomum leucops"
"307","ASV_27153",0,18,8.73760958418687e-05,1.13657609860025e-06,"Eukaryota","Heterolobosea","unknown","unknown","Vahlkampfiidae","g_","s_"
"308","ASV_27209",18,0,8.73760958418687e-05,NA,"Eukaryota","unknown","Choanoflagellata","Acanthoecida","Acanthoecidae","g_","s_"
"309","ASV_5784",17,0,8.25218682950982e-05,NA,"Eukaryota","unknown","Choanoflagellatea","Choanoflagellata","Salpingoecidae","g_","s_"
"310","ASV_7277",17,0,8.25218682950982e-05,5.68288049300125e-07,"Eukaryota","unknown","unknown","Bicosoecida","unassigned","g_","s_"
"311","ASV_27235",17,0,8.25218682950982e-05,NA,"Eukaryota","Ctenophora","Tentaculata","Cydippida","Lampeidae","g_","s_"
"312","ASV_13",13,3,7.76676407483277e-05,1.30706251339029e-05,"Eukaryota","Arthropoda","Hexanauplia","Calanoida","Calanidae","unassigned","unassigned"
"313","ASV_79",16,0,7.76676407483277e-05,3.40972829580075e-06,"Eukaryota","Bacillariophyta","Bacillariophyceae","Bacillariales","Bacillariaceae","Pseudo-nitzschia","unassigned"
"314","ASV_4214",16,0,7.76676407483277e-05,NA,"Eukaryota","unknown","Chrysophyceae","unknown","unknown","unknown","Spumella-like flagellate JBNZ43"
"315","ASV_4392",16,0,7.76676407483277e-05,NA,"Eukaryota","Chytridiomycota","unassigned","unassigned","unassigned","unassigned","unassigned"
"316","ASV_27179",16,0,7.76676407483277e-05,5.68288049300125e-07,"Eukaryota","Rotifera","Monogononta","Ploima","unassigned","unassigned","unassigned"
"317","ASV_27236",16,0,7.76676407483277e-05,NA,"Eukaryota","Chytridiomycota","unassigned","unassigned","unassigned","unassigned","s_"
"318","ASV_27264",0,16,7.76676407483277e-05,NA,"Eukaryota","Evosea","Variosea","Protosteliida","Protosteliaceae","Schoutedamoeba","Schoutedamoeba minuta"
"319","ASV_164",15,0,7.28134132015572e-05,0.0031892325326723,"Eukaryota","unassigned","unassigned","unassigned","unassigned","unassigned","unassigned"
"320","ASV_1385",15,0,7.28134132015572e-05,5.51239407821121e-05,"Eukaryota","unknown","unknown","Pirsoniales","unknown","Pirsonia","Pirsonia guinardiae"
"321","ASV_4073",15,0,7.28134132015572e-05,NA,"Eukaryota","Streptophyta","Liliopsida","Poales","Poaceae","unassigned","unassigned"
"322","ASV_7750",15,0,7.28134132015572e-05,3.12558427115069e-05,"Eukaryota","unknown","unknown","unknown","unknown","unknown","uncultured marine picoeukaryote"
"323","ASV_26379",15,0,7.28134132015572e-05,0.000982570037239916,"no_hit","no_hit","no_hit","no_hit","no_hit","g_","s_"
"324","ASV_27280",15,0,7.28134132015572e-05,NA,"Eukaryota","unknown","Dinophyceae","Thoracosphaerales","Thoracosphaeraceae","Ensiculifera","s_"
"325","ASV_27281",15,0,7.28134132015572e-05,NA,"Eukaryota","Arthropoda","Insecta","Coleoptera","Monotomidae","g_","s_"
"326","ASV_27282",15,0,7.28134132015572e-05,NA,"Eukaryota","unknown","Dinophyceae","unknown","unknown","unknown","s_"
"327","ASV_28000",0,15,7.28134132015572e-05,NA,"no_hit","no_hit","no_hit","no_hit","no_hit","no_hit","no_hit"
"328","ASV_4222",14,0,6.79591856547868e-05,NA,"Eukaryota","unassigned","unassigned","unassigned","unassigned","g_","s_"
"329","ASV_5841",14,0,6.79591856547868e-05,NA,"Eukaryota","unknown","Choanoflagellatea","Choanoflagellata","Salpingoecidae","g_","s_"
"330","ASV_90",13,0,6.31049581080163e-05,0.0135491236714136,"no_hit","no_hit","no_hit","no_hit","no_hit","no_hit","no_hit"
"331","ASV_401",13,0,6.31049581080163e-05,1.13657609860025e-06,"Eukaryota","Ascomycota","Eurotiomycetes","Chaetothyriales","unassigned","unassigned","unassigned"
"332","ASV_26389",13,0,6.31049581080163e-05,NA,"Eukaryota","unknown","Dinophyceae","Blastodiniales","unknown","g_","s_"
"333","ASV_27333",13,0,6.31049581080163e-05,NA,"Eukaryota","Platyhelminthes","Rhabditophora","Rhabdocoela","Cystiplanidae","g_","s_"
"334","ASV_4300",12,0,5.82507305612458e-05,NA,"Eukaryota","Chytridiomycota","Chytridiomycetes","Chytridiales","unassigned","unassigned","unassigned"
"335","ASV_4901",12,0,5.82507305612458e-05,NA,"Eukaryota","unknown","Choanoflagellatea","Choanoflagellata","Salpingoecidae","g_","s_"
"336","ASV_9694",12,0,5.82507305612458e-05,1.70486414790037e-06,"Eukaryota","unknown","Choanoflagellatea","Choanoflagellata","Acanthoecidae","g_","s_"
"337","ASV_9778",12,0,5.82507305612458e-05,NA,"Eukaryota","Cryptophyta","unknown","Cryptomonadales","Cryptomonadaceae","Cryptomonas","Cryptomonas sp. Dumo2 100310C"
"338","ASV_27371",12,0,5.82507305612458e-05,NA,"Eukaryota","unassigned","unassigned","unassigned","unassigned","unassigned","unassigned"
"339","ASV_84",11,0,5.33965030144753e-05,2.32998100213051e-05,"Eukaryota","unknown","Dinophyceae","Gymnodiniales","Gymnodiniaceae","Gyrodinium","Gyrodinium rubrum"
"340","ASV_368",11,0,5.33965030144753e-05,0.000131274539388329,"Eukaryota","unassigned","unassigned","unassigned","unassigned","unassigned","unassigned"
"341","ASV_1578",11,0,5.33965030144753e-05,0.000160257229902635,"Eukaryota","Arthropoda","Hexanauplia","Calanoida","Paracalanidae","Paracalanus","unassigned"
"342","ASV_9658",11,0,5.33965030144753e-05,0.000258002774382257,"Eukaryota","Arthropoda","Hexanauplia","Calanoida","Paracalanidae","Paracalanus","unassigned"
"343","ASV_74",10,0,4.85422754677048e-05,0.000127864811092528,"no_hit","no_hit","no_hit","no_hit","no_hit","no_hit","no_hit"
"344","ASV_2216",10,0,4.85422754677048e-05,3.97801634510087e-06,"Eukaryota","unassigned","unassigned","unassigned","unassigned","g_","s_"
"345","ASV_4732",10,0,4.85422754677048e-05,1.13657609860025e-06,"Eukaryota","Ascomycota","Dothideomycetes","Pleosporales","Pleosporaceae","unassigned","unassigned"
"346","ASV_6317",10,0,4.85422754677048e-05,6.3648261521614e-05,"Eukaryota","Bacillariophyta","Mediophyceae","unassigned","unassigned","unassigned","unassigned"
"347","ASV_10146",10,0,4.85422754677048e-05,9.43358161838207e-05,"Eukaryota","unknown","Dinophyceae","Syndiniales","Amoebophryaceae","Amoebophrya","unassigned"
"348","ASV_65",9,0,4.36880479209343e-05,0.000205720273846645,"Eukaryota","unknown","Dinophyceae","unassigned","unassigned","unassigned","unassigned"
"349","ASV_26521",9,0,4.36880479209343e-05,6.08068212751134e-05,"Eukaryota","Arthropoda","Hexanauplia","Calanoida","Paracalanidae","Paracalanus","Paracalanus sp. Roadstead of Brest"
"350","ASV_26596",9,0,4.36880479209343e-05,3.80752993031084e-05,"Eukaryota","Bacillariophyta","Coscinodiscophyceae","Thalassiosirales","Skeletonemataceae","Skeletonema","unassigned"
"351","ASV_670",7,1,3.88338203741639e-05,0.00256411567844216,"Eukaryota","Bacillariophyta","Bacillariophyceae","Bacillariales","Bacillariaceae","unassigned","unassigned"
"352","ASV_720",8,0,3.88338203741639e-05,6.70579898174147e-05,"Eukaryota","unknown","unknown","unknown","Apusomonadidae","g_","s_"
"353","ASV_4821",8,0,3.88338203741639e-05,4.94410602891109e-05,"Eukaryota","unassigned","unassigned","unassigned","unassigned","g_","s_"
"354","ASV_3944",7,0,3.39795928273934e-05,4.26216036975094e-05,"Bacteria","unknown","unknown","unknown","unknown","unknown","bacterium"
"355","ASV_6949",7,0,3.39795928273934e-05,NA,"Eukaryota","Chytridiomycota","Chytridiomycetes","Rhizophydiales","Rhizophydiaceae","Rhizophydium","s_"
"356","ASV_12384",7,0,3.39795928273934e-05,NA,"no_hit","no_hit","no_hit","no_hit","no_hit","g_","s_"
"357","ASV_26457",7,0,3.39795928273934e-05,0.000105133289120523,"Eukaryota","Bacillariophyta","Coscinodiscophyceae","Thalassiosirales","Stephanodiscaceae","Cyclotella","Cyclotella striata"
"358","ASV_26935",7,0,3.39795928273934e-05,9.092608788802e-06,"Eukaryota","unassigned","unassigned","unassigned","unassigned","unassigned","unassigned"
"359","ASV_27557",0,7,3.39795928273934e-05,NA,"Eukaryota","unknown","Oomycota","Peronosporales","Peronosporaceae","g_","s_"
"360","ASV_295",6,0,2.91253652806229e-05,5.68288049300125e-05,"Eukaryota","unknown","unknown","unknown","unknown","unknown","uncultured marine eukaryote"
"361","ASV_458",4,2,2.91253652806229e-05,0.00807423660445617,"Eukaryota","unknown","Dinophyceae","Gymnodiniales","Gymnodiniaceae","Polykrikos","Polykrikos kofoidii"
"362","ASV_587",3,3,2.91253652806229e-05,2.04583697748045e-05,"Eukaryota","unknown","Dinophyceae","Peridiniales","Amphidiniopsidaceae","Herdmania <dinoflagellates>","Herdmania litoralis"
"363","ASV_5817",6,0,2.91253652806229e-05,NA,"Eukaryota","Chytridiomycota","unassigned","unassigned","unassigned","g_","s_"
"364","ASV_7471",6,0,2.91253652806229e-05,5.68288049300125e-07,"no_hit","no_hit","no_hit","no_hit","no_hit","no_hit","no_hit"
"365","ASV_7554",6,0,2.91253652806229e-05,9.66089683810212e-06,"Eukaryota","unknown","Dinophyceae","Gymnodiniales","Gymnodiniaceae","Gyrodinium","unassigned"
"366","ASV_7760",6,0,2.91253652806229e-05,1.02291848874022e-05,"Eukaryota","unknown","Dinophyceae","unassigned","unassigned","unassigned","unassigned"
"367","ASV_10556",6,0,2.91253652806229e-05,0.000132979403536229,"Eukaryota","Arthropoda","Hexanauplia","Poecilostomatoida","Oncaeidae","g_","s_"
"368","ASV_742",5,0,2.42711377338524e-05,5.68288049300125e-06,"Eukaryota","unassigned","unassigned","unassigned","unassigned","g_","s_"
"369","ASV_26677",5,0,2.42711377338524e-05,3.97801634510087e-06,"Eukaryota","Discosea","Flabellinia","Dactylopodida","Paramoebidae","Paramoeba","Paramoeba aestuarina"
"370","ASV_26741",5,0,2.42711377338524e-05,8.52432073950187e-06,"Eukaryota","unknown","Dinophyceae","Gymnodiniales","Gymnodiniaceae","Gyrodinium","Gyrodinium rubrum"
"371","ASV_28031",5,0,2.42711377338524e-05,NA,"no_hit","no_hit","no_hit","no_hit","no_hit","no_hit","no_hit"
"372","ASV_43",0,4,1.94169101870819e-05,6.8194565916015e-06,"Eukaryota","Arthropoda","Malacostraca","Euphausiacea","Euphausiidae","Thysanoessa","unassigned"
"373","ASV_348",1,3,1.94169101870819e-05,6.30799734723139e-05,"Eukaryota","unknown","Dinophyceae","Peridiniales","Protoperidiniaceae","Protoperidinium","Protoperidinium excentricum"
"374","ASV_382",2,2,1.94169101870819e-05,5.68288049300125e-07,"Eukaryota","unknown","Dinophyceae","Gymnodiniales","Gymnodiniaceae","Paulsenella","Paulsenella vonstoschii"
"375","ASV_574",4,0,1.94169101870819e-05,2.50046741692055e-05,"Eukaryota","unknown","Dinophyceae","unknown","unknown","unknown","Dinophyceae sp. CCMP1878"
"376","ASV_769",1,3,1.94169101870819e-05,0.00344041585046296,"Eukaryota","unknown","Dinophyceae","unassigned","unassigned","unassigned","s_"
"377","ASV_1925",4,0,1.94169101870819e-05,5.68288049300125e-06,"Eukaryota","Ascomycota","Dothideomycetes","Capnodiales","Cladosporiaceae","Cladosporium","unassigned"
"378","ASV_6880",1,3,1.94169101870819e-05,0.00622275413983637,"Eukaryota","Bacillariophyta","Coscinodiscophyceae","Leptocylindrales","Leptocylindraceae","Leptocylindrus","unassigned"
"379","ASV_16330",2,2,1.94169101870819e-05,5.11459244370112e-06,"Eukaryota","Cercozoa","unassigned","unassigned","unassigned","unassigned","unassigned"
"380","ASV_26355",3,1,1.94169101870819e-05,0.00192592819907812,"Eukaryota","unknown","Dinophyceae","Syndiniales","Duboscquellidae","g_","s_"
"381","ASV_26365",4,0,1.94169101870819e-05,0.00169179352276647,"Eukaryota","Arthropoda","Hexanauplia","Calanoida","Paracalanidae","Paracalanus","unassigned"
"382","ASV_27425",4,0,1.94169101870819e-05,3.40972829580075e-06,"Eukaryota","unknown","Dinophyceae","unassigned","unassigned","g_","s_"
"383","ASV_28016",4,0,1.94169101870819e-05,1.70486414790037e-06,"no_hit","no_hit","no_hit","no_hit","no_hit","no_hit","no_hit"
"384","ASV_28046",0,4,1.94169101870819e-05,NA,"no_hit","no_hit","no_hit","no_hit","no_hit","no_hit","no_hit"
"385","ASV_16",3,0,1.45626826403114e-05,3.52338590566077e-05,"Eukaryota","unknown","Acantharea","unknown","unknown","unknown","Acantharian sp. 6201"
"386","ASV_45",3,0,1.45626826403114e-05,0.00049838861923621,"Eukaryota","Arthropoda","Hexanauplia","Calanoida","unassigned","unassigned","unassigned"
"387","ASV_196",0,3,1.45626826403114e-05,5.68288049300125e-07,"Eukaryota","Bacillariophyta","Coscinodiscophyceae","Corethrales","Corethraceae","Corethron","Corethron inerme"
"388","ASV_272",2,1,1.45626826403114e-05,0.000197764241156443,"Eukaryota","unknown","Dinophyceae","Peridiniales","Protoperidiniaceae","Protoperidinium","Protoperidinium leonis"
"389","ASV_287",2,1,1.45626826403114e-05,0.000341541117629375,"Eukaryota","unassigned","unassigned","unassigned","unassigned","unassigned","unassigned"
"390","ASV_316",0,3,1.45626826403114e-05,5.68288049300125e-07,"Eukaryota","unknown","unknown","unknown","unknown","g_","s_"
"391","ASV_318",3,0,1.45626826403114e-05,1.59120653804035e-05,"Eukaryota","unknown","unknown","unknown","unknown","g_","s_"
"392","ASV_320",3,0,1.45626826403114e-05,NA,"Eukaryota","Bacillariophyta","Coscinodiscophyceae","Chaetocerotales","Chaetocerotaceae","Chaetoceros","unassigned"
"393","ASV_341",3,0,1.45626826403114e-05,0.000698426012589853,"Eukaryota","unknown","Dinophyceae","Prorocentrales","Prorocentraceae","Prorocentrum","Prorocentrum triestinum"
"394","ASV_372",1,2,1.45626826403114e-05,9.49041042331208e-05,"Eukaryota","unknown","Dinophyceae","unassigned","unassigned","unassigned","unassigned"
"395","ASV_495",0,3,1.45626826403114e-05,2.84144024650062e-06,"Eukaryota","unknown","Oomycetes","Lagenidiales","unassigned","unassigned","unassigned"
"396","ASV_575",3,0,1.45626826403114e-05,5.85336690779129e-05,"Eukaryota","unknown","Dinophyceae","Thoracosphaerales","Thoracosphaeraceae","Ensiculifera","Ensiculifera imariensis"
"397","ASV_706",3,0,1.45626826403114e-05,2.84144024650062e-06,"Eukaryota","unknown","Dinophyceae","unassigned","unassigned","unassigned","unassigned"
"398","ASV_821",2,1,1.45626826403114e-05,0.000598407315913031,"Eukaryota","unknown","Dinophyceae","unassigned","unassigned","unassigned","unassigned"
"399","ASV_1065",2,1,1.45626826403114e-05,5.68288049300125e-07,"Eukaryota","unknown","Dinophyceae","Thoracosphaerales","Thoracosphaeraceae","Ensiculifera","s_"
"400","ASV_4178",3,0,1.45626826403114e-05,0.000310285274917868,"Eukaryota","Cercozoa","unassigned","unassigned","unassigned","unassigned","unassigned"
"401","ASV_5238",0,3,1.45626826403114e-05,0.000754686529470566,"Eukaryota","Bacillariophyta","Bacillariophyceae","Bacillariales","Bacillariaceae","Pseudo-nitzschia","unassigned"
"402","ASV_26378",2,1,1.45626826403114e-05,5.11459244370112e-05,"Eukaryota","unknown","Dinophyceae","Thoracosphaerales","Thoracosphaeraceae","Ensiculifera","Ensiculifera imariensis"
"403","ASV_26415",3,0,1.45626826403114e-05,0.000372796960340882,"Eukaryota","unknown","Dinophyceae","Syndiniales","Amoebophryaceae","g_","s_"
"404","ASV_26734",3,0,1.45626826403114e-05,5.68288049300125e-06,"Eukaryota","unknown","unknown","unknown","unknown","g_","s_"
"405","ASV_28013",3,0,1.45626826403114e-05,NA,"no_hit","no_hit","no_hit","no_hit","no_hit","no_hit","no_hit"
"406","ASV_28057",0,3,1.45626826403114e-05,NA,"no_hit","no_hit","no_hit","no_hit","no_hit","no_hit","no_hit"
"407","ASV_28",2,0,9.70845509354096e-06,9.66089683810212e-06,"Eukaryota","unassigned","unassigned","unassigned","unassigned","unassigned","unassigned"
"408","ASV_52",0,2,9.70845509354096e-06,5.68288049300125e-06,"Eukaryota","Bacillariophyta","Coscinodiscophyceae","Chaetocerotales","Chaetocerotaceae","Chaetoceros","Chaetoceros radicans"
"409","ASV_127",1,1,9.70845509354096e-06,1.13657609860025e-06,"Eukaryota","Arthropoda","Hexanauplia","Cyclopoida","Oithonidae","unknown","Oithonidae sp. DZMB624"
"410","ASV_182",0,2,9.70845509354096e-06,NA,"Eukaryota","Bacillariophyta","Bacillariophyceae","Naviculales","Pleurosigmataceae","unassigned","unassigned"
"411","ASV_345",2,0,9.70845509354096e-06,0.00258968864066067,"Eukaryota","unknown","Dinophyceae","unassigned","unassigned","unassigned","unassigned"
"412","ASV_416",2,0,9.70845509354096e-06,NA,"Eukaryota","Ciliophora","Oligohymenophorea","Apostomatida","Colliniidae","Pseudocollinia","Pseudocollinia beringensis"
"413","ASV_513",2,0,9.70845509354096e-06,NA,"Eukaryota","unknown","Dinophyceae","Peridiniales","Protoperidiniaceae","g_","s_"
"414","ASV_569",2,0,9.70845509354096e-06,2.2731521972005e-06,"Eukaryota","unknown","unknown","unknown","Ellobiopsidae","Thalassomyces","Thalassomyces fagei"
"415","ASV_1126",2,0,9.70845509354096e-06,5.05776363877111e-05,"Eukaryota","unknown","Dinophyceae","unassigned","unassigned","unassigned","unassigned"
"416","ASV_1651",0,2,9.70845509354096e-06,0.000842771177112085,"Eukaryota","unknown","Dinophyceae","Gonyaulacales","Ceratiaceae","Tripos","s_"
"417","ASV_1686",2,0,9.70845509354096e-06,7.38774464090162e-05,"Eukaryota","unknown","Dinophyceae","Syndiniales","Eudubosquellidae","Euduboscquella","unassigned"
"418","ASV_2793",0,2,9.70845509354096e-06,0.000654099544744444,"Eukaryota","Cryptophyta","unassigned","unassigned","unassigned","g_","s_"
"419","ASV_4803",0,2,9.70845509354096e-06,0.000269368535368259,"Eukaryota","unknown","Dinophyceae","Thoracosphaerales","Thoracosphaeraceae","Scrippsiella","unassigned"
"420","ASV_6522",2,0,9.70845509354096e-06,7.89920388527174e-05,"Eukaryota","unknown","Dinophyceae","unassigned","unassigned","unassigned","s_"
"421","ASV_8222",0,2,9.70845509354096e-06,0.000221064051177749,"Eukaryota","unknown","Dinophyceae","Syndiniales","Amoebophryaceae","g_","s_"
"422","ASV_8950",2,0,9.70845509354096e-06,0.000481339977757206,"Eukaryota","unknown","Dinophyceae","Syndiniales","Amoebophryaceae","Amoebophrya","unassigned"
"423","ASV_8967",2,0,9.70845509354096e-06,0.000347792286171676,"Eukaryota","unknown","Dinophyceae","Syndiniales","Amoebophryaceae","g_","s_"
"424","ASV_18045",0,2,9.70845509354096e-06,0.000497820331186909,"Eukaryota","unknown","Dinophyceae","Syndiniales","Amoebophryaceae","g_","s_"
"425","ASV_22957",2,0,9.70845509354096e-06,NA,"Eukaryota","Cercozoa","unassigned","unassigned","unassigned","unassigned","unassigned"
"426","ASV_26367",0,2,9.70845509354096e-06,7.61505986062167e-05,"Eukaryota","unknown","unknown","unknown","unknown","g_","s_"
"427","ASV_26387",2,0,9.70845509354096e-06,0.000618865685687836,"Eukaryota","Bacillariophyta","Coscinodiscophyceae","Thalassiosirales","Thalassiosiraceae","Thalassiosira","unassigned"
"428","ASV_26413",0,2,9.70845509354096e-06,0.000206856849945245,"Eukaryota","unknown","unknown","unknown","unknown","g_","s_"
"429","ASV_26657",2,0,9.70845509354096e-06,3.92118754017086e-05,"Eukaryota","Bacillariophyta","Coscinodiscophyceae","Thalassiosirales","Skeletonemataceae","Skeletonema","unassigned"
"430","ASV_26680",2,0,9.70845509354096e-06,6.25116854230137e-06,"Eukaryota","unknown","Dinophyceae","unknown","unknown","unknown","Dinophyceae sp. CCMP1878"
"431","ASV_26766",2,0,9.70845509354096e-06,NA,"Eukaryota","Chlorophyta","unassigned","unassigned","unassigned","unassigned","unassigned"
"432","ASV_28082",0,2,9.70845509354096e-06,NA,"no_hit","no_hit","no_hit","no_hit","no_hit","no_hit","no_hit"
"433","ASV_1",1,0,4.85422754677048e-06,0.000291531769290964,"Eukaryota","Ctenophora","Tentaculata","Cydippida","Pleurobrachiidae","Pleurobrachia","unassigned"
"434","ASV_22",1,0,4.85422754677048e-06,3.40972829580075e-06,"Eukaryota","unknown","Diplonemea","Diplonemea","unknown","g_","s_"
"435","ASV_33",1,0,4.85422754677048e-06,5.11459244370112e-06,"Eukaryota","Ctenophora","Tentaculata","Lobata","unassigned","unassigned","unassigned"
"436","ASV_42",0,1,4.85422754677048e-06,0.000414850275989091,"Eukaryota","unknown","unknown","unknown","unknown","g_","s_"
"437","ASV_53",1,0,4.85422754677048e-06,1.13657609860025e-06,"Eukaryota","Bacillariophyta","Coscinodiscophyceae","Thalassiosirales","unassigned","unassigned","unassigned"
"438","ASV_80",1,0,4.85422754677048e-06,2.2731521972005e-06,"Eukaryota","Bacillariophyta","Fragilariophyceae","Fragilariales","Fragilariaceae","Asterionellopsis","Asterionellopsis glacialis"
"439","ASV_87",0,1,4.85422754677048e-06,9.60406803317211e-05,"Eukaryota","Bacillariophyta","Bacillariophyceae","Naviculales","Naviculaceae","Navicula","unassigned"
"440","ASV_109",1,0,4.85422754677048e-06,2.84144024650062e-06,"Eukaryota","unassigned","unassigned","unassigned","unassigned","unassigned","unassigned"
"441","ASV_116",0,1,4.85422754677048e-06,5.68288049300125e-07,"Eukaryota","unknown","Diplonemea","Diplonemea","unknown","g_","s_"
"442","ASV_142",0,1,4.85422754677048e-06,1.70486414790037e-06,"Eukaryota","Arthropoda","Malacostraca","Euphausiacea","Euphausiidae","unassigned","s_"
"443","ASV_178",1,0,4.85422754677048e-06,1.13657609860025e-06,"Eukaryota","Cercozoa","unassigned","unassigned","unassigned","unassigned","unassigned"
"444","ASV_183",1,0,4.85422754677048e-06,5.68288049300125e-07,"Eukaryota","Arthropoda","Hexanauplia","Calanoida","Metridinidae","Metridia","unassigned"
"445","ASV_199",1,0,4.85422754677048e-06,4.546304394401e-06,"Eukaryota","Bacillariophyta","Bacillariophyceae","Bacillariales","Bacillariaceae","unassigned","unassigned"
"446","ASV_221",0,1,4.85422754677048e-06,NA,"Eukaryota","Bacillariophyta","Coscinodiscophyceae","Chaetocerotales","Chaetocerotaceae","Chaetoceros","unassigned"
"447","ASV_250",1,0,4.85422754677048e-06,NA,"Eukaryota","unknown","unknown","unknown","unknown","Incisomonas","s_"
"448","ASV_266",1,0,4.85422754677048e-06,1.98900817255044e-05,"Eukaryota","unknown","Dinophyceae","unassigned","unassigned","unassigned","unassigned"
"449","ASV_280",0,1,4.85422754677048e-06,7.95603269020175e-06,"Eukaryota","unknown","Dinophyceae","Syndiniales","Duboscquellidae","Duboscquella","unassigned"
"450","ASV_323",1,0,4.85422754677048e-06,5.68288049300125e-07,"Eukaryota","unknown","unknown","unknown","unknown","g_","s_"
"451","ASV_389",1,0,4.85422754677048e-06,1.70486414790037e-06,"no_hit","no_hit","no_hit","no_hit","no_hit","no_hit","no_hit"
"452","ASV_426",1,0,4.85422754677048e-06,5.68288049300125e-07,"Eukaryota","Cercozoa","Thecofilosea","Ventricleftida","Ventrifissuridae","g_","s_"
"453","ASV_459",1,0,4.85422754677048e-06,1.42072012325031e-05,"Eukaryota","unknown","Dinophyceae","Thoracosphaerales","Thoracosphaeraceae","unassigned","unassigned"
"454","ASV_493",1,0,4.85422754677048e-06,1.70486414790037e-06,"Eukaryota","unknown","unknown","unknown","unknown","unknown","uncultured marine eukaryote"
"455","ASV_505",0,1,4.85422754677048e-06,1.07974729367024e-05,"Eukaryota","unknown","Dinophyceae","unassigned","unassigned","unassigned","unassigned"
"456","ASV_507",1,0,4.85422754677048e-06,NA,"Eukaryota","unknown","Dinophyceae","unassigned","unassigned","unassigned","unassigned"
"457","ASV_538",1,0,4.85422754677048e-06,5.11459244370112e-06,"no_hit","no_hit","no_hit","no_hit","no_hit","no_hit","no_hit"
"458","ASV_539",0,1,4.85422754677048e-06,0.000252888181938556,"Eukaryota","unknown","Dinophyceae","Thoracosphaerales","Thoracosphaeraceae","Stoeckeria","Stoeckeria algicida"
"459","ASV_540",1,0,4.85422754677048e-06,1.3638913183203e-05,"Eukaryota","unknown","Dinophyceae","Gymnodiniales","Kareniaceae","Karlodinium","unassigned"
"460","ASV_560",1,0,4.85422754677048e-06,NA,"Eukaryota","unknown","unknown","unknown","unknown","unknown","s_"
"461","ASV_589",1,0,4.85422754677048e-06,NA,"Eukaryota","unassigned","unassigned","unassigned","unassigned","g_","s_"
"462","ASV_625",1,0,4.85422754677048e-06,7.95603269020175e-05,"Eukaryota","unknown","Dinophyceae","Syndiniales","Amoebophryaceae","Amoebophrya","s_"
"463","ASV_635",1,0,4.85422754677048e-06,5.11459244370112e-06,"Eukaryota","unknown","Dinophyceae","Syndiniales","Eudubosquellidae","g_","s_"
"464","ASV_643",0,1,4.85422754677048e-06,1.70486414790037e-06,"Eukaryota","unknown","Dinophyceae","Peridiniales","Protoperidiniaceae","Protoperidinium","s_"
"465","ASV_657",0,1,4.85422754677048e-06,NA,"Eukaryota","unknown","Dinophyceae","Syndiniales","unassigned","unassigned","unassigned"
"466","ASV_744",0,1,4.85422754677048e-06,0.00141276409056011,"Eukaryota","unknown","Dictyochophyceae","Dictyochales","unknown","Dictyocha","Dictyocha speculum"
"467","ASV_767",1,0,4.85422754677048e-06,9.092608788802e-06,"Eukaryota","unknown","Dinophyceae","unknown","unknown","Theleodinium","Theleodinium calcisporum"
"468","ASV_853",1,0,4.85422754677048e-06,1.8185217577604e-05,"Eukaryota","unknown","unknown","unknown","unknown","unknown","uncultured marine picoeukaryote"
"469","ASV_1044",1,0,4.85422754677048e-06,2.2731521972005e-06,"Eukaryota","Cercozoa","unassigned","unassigned","unassigned","unassigned","unassigned"
"470","ASV_1083",1,0,4.85422754677048e-06,NA,"no_hit","no_hit","no_hit","no_hit","no_hit","no_hit","no_hit"
"471","ASV_1169",1,0,4.85422754677048e-06,5.68288049300125e-07,"Eukaryota","unknown","Dinophyceae","Syndiniales","Amoebophryaceae","Amoebophrya","s_"
"472","ASV_1218",1,0,4.85422754677048e-06,1.13657609860025e-06,"Eukaryota","unknown","Dinophyceae","Peridiniales","Protoperidiniaceae","Protoperidinium","s_"
"473","ASV_1222",1,0,4.85422754677048e-06,0.000171054702839338,"Eukaryota","unknown","unknown","Telonemida","unknown","Telonema","unassigned"
"474","ASV_1230",1,0,4.85422754677048e-06,1.13657609860025e-06,"Eukaryota","unassigned","unassigned","unassigned","unassigned","unassigned","unassigned"
"475","ASV_1260",1,0,4.85422754677048e-06,NA,"Eukaryota","unknown","unknown","unknown","unknown","g_","s_"
"476","ASV_1440",1,0,4.85422754677048e-06,2.2731521972005e-06,"Eukaryota","unknown","Dinophyceae","Syndiniales","Amoebophryaceae","g_","s_"
"477","ASV_1521",0,1,4.85422754677048e-06,0.00152073881992713,"Eukaryota","unknown","Oomycetes","Lagenidiales","Haliphthoraceae","Haliphthoros","s_"
"478","ASV_1577",1,0,4.85422754677048e-06,0.00036370435155208,"Eukaryota","Bacillariophyta","Fragilariophyceae","Protoraphidales","Protoraphidaceae","g_","s_"
"479","ASV_2099",1,0,4.85422754677048e-06,1.70486414790037e-06,"Eukaryota","unknown","Dinophyceae","Syndiniales","Amoebophryaceae","g_","s_"
"480","ASV_2114",0,1,4.85422754677048e-06,0.000194922800909943,"Eukaryota","unknown","Dinophyceae","Gymnodiniales","Gymnodiniaceae","Gymnodinium","unassigned"
"481","ASV_2135",0,1,4.85422754677048e-06,5.68288049300125e-07,"Eukaryota","Bacillariophyta","Coscinodiscophyceae","Rhizosoleniales","Rhizosoleniaceae","g_","s_"
"482","ASV_2212",0,1,4.85422754677048e-06,NA,"Eukaryota","unknown","unknown","unknown","unknown","g_","s_"
"483","ASV_2227",1,0,4.85422754677048e-06,5.68288049300125e-07,"Eukaryota","unknown","Dinophyceae","Syndiniales","Amoebophryaceae","g_","s_"
"484","ASV_2371",1,0,4.85422754677048e-06,0.00430194053320195,"Eukaryota","Cercozoa","unknown","Thaumatomonadida","Thaumatomastigidae","Protaspis","s_"
"485","ASV_2449",0,1,4.85422754677048e-06,2.84144024650062e-06,"Eukaryota","unknown","Dinophyceae","unassigned","unassigned","unassigned","unassigned"
"486","ASV_2719",1,0,4.85422754677048e-06,NA,"Eukaryota","unknown","Dinophyceae","Syndiniales","Amoebophryaceae","Amoebophrya","s_"
"487","ASV_2786",1,0,4.85422754677048e-06,NA,"unassigned","unassigned","unassigned","unassigned","unassigned","g_","s_"
"488","ASV_3374",0,1,4.85422754677048e-06,0.00108145215781814,"Eukaryota","Ciliophora","Spirotrichea","Tintinnida","Tintinnidae","Eutintinnus","Eutintinnus tenuis"
"489","ASV_3737",0,1,4.85422754677048e-06,2.84144024650062e-05,"Eukaryota","Ciliophora","Spirotrichea","Choreotrichida","Strombidinopsidae","g_","s_"
"490","ASV_3825",0,1,4.85422754677048e-06,0.000612046229096234,"Eukaryota","Chlorophyta","unassigned","unassigned","unassigned","unassigned","unassigned"
"491","ASV_4048",0,1,4.85422754677048e-06,7.95603269020175e-06,"Eukaryota","Bacillariophyta","Coscinodiscophyceae","Thalassiosirales","Thalassiosiraceae","unassigned","unassigned"
"492","ASV_4064",1,0,4.85422754677048e-06,0.00157529447265995,"Eukaryota","unknown","Dinophyceae","Peridiniales","Heterocapsaceae","unassigned","unassigned"
"493","ASV_4349",1,0,4.85422754677048e-06,0.000152869485261734,"Eukaryota","Cercozoa","unknown","Euglyphida","Euglyphidae","g_","s_"
"494","ASV_4357",1,0,4.85422754677048e-06,1.13657609860025e-06,"Eukaryota","Arthropoda","Hexanauplia","Calanoida","Metridinidae","unassigned","unassigned"
"495","ASV_4360",0,1,4.85422754677048e-06,9.66089683810212e-06,"Eukaryota","Bacillariophyta","Coscinodiscophyceae","Coscinodiscales","Coscinodiscaceae","Coscinodiscus","Coscinodiscus radiatus"
"496","ASV_4495",0,1,4.85422754677048e-06,5.68288049300125e-07,"Eukaryota","Ciliophora","Spirotrichea","Tintinnida","Tintinnidae","Eutintinnus","s_"
"497","ASV_4501",1,0,4.85422754677048e-06,0.00192820135127532,"Eukaryota","unknown","Dinophyceae","Dinophysiales","Dinophysiaceae","Dinophysis","unassigned"
"498","ASV_4747",1,0,4.85422754677048e-06,4.83044841905106e-05,"Eukaryota","Bacillariophyta","Bacillariophyceae","Naviculales","unassigned","unassigned","unassigned"
"499","ASV_4748",0,1,4.85422754677048e-06,0.0013854862641937,"Eukaryota","unassigned","unassigned","unassigned","unassigned","unassigned","unassigned"
"500","ASV_5348",1,0,4.85422754677048e-06,NA,"Eukaryota","unknown","unknown","unknown","Paramoebidae","unassigned","unassigned"
"501","ASV_7770",0,1,4.85422754677048e-06,1.70486414790037e-06,"Eukaryota","Cercozoa","unassigned","unassigned","unassigned","unassigned","unassigned"
"502","ASV_7871",0,1,4.85422754677048e-06,5.68288049300125e-07,"Eukaryota","Ciliophora","Spirotrichea","unknown","Tontoniidae","Spirotontonia","s_"
"503","ASV_8005",0,1,4.85422754677048e-06,NA,"Eukaryota","Cercozoa","unassigned","unassigned","unassigned","unassigned","unassigned"
"504","ASV_8068",1,0,4.85422754677048e-06,0.00178953906724609,"Eukaryota","unknown","unknown","unknown","unknown","unknown","s_"
"505","ASV_8781",1,0,4.85422754677048e-06,2.44363861199054e-05,"Eukaryota","unknown","Chrysophyceae","Chromulinales","Paraphysomonadaceae","Paraphysomonas","s_"
"506","ASV_9875",1,0,4.85422754677048e-06,0.000813220198548479,"Eukaryota","Cercozoa","unknown","Thaumatomonadida","Thaumatomastigidae","Protaspis","s_"
"507","ASV_10637",1,0,4.85422754677048e-06,NA,"Eukaryota","unknown","Polycystinea","Collodaria","Collosphaeridae","Thalassicolla","Thalassicolla nucleata"
"508","ASV_16672",1,0,4.85422754677048e-06,2.38680980706052e-05,"Eukaryota","unknown","unknown","Bicosoecida","Cafeteriaceae","Pseudobodo","unassigned"
"509","ASV_16807",1,0,4.85422754677048e-06,7.2740870310416e-05,"Eukaryota","unknown","unknown","unknown","unknown","unknown","uncultured marine eukaryote"
"510","ASV_16972",1,0,4.85422754677048e-06,6.64897017681146e-05,"Eukaryota","unknown","Dictyochophyceae","Florenciellales","unassigned","unassigned","unassigned"
"511","ASV_17279",1,0,4.85422754677048e-06,2.84144024650062e-06,"Eukaryota","unknown","Dictyochophyceae","Pedinellales","unknown","g_","s_"
"512","ASV_17329",1,0,4.85422754677048e-06,4.546304394401e-06,"Eukaryota","unknown","unknown","unknown","unknown","unknown","uncultured marine eukaryote"
"513","ASV_19134",0,1,4.85422754677048e-06,9.092608788802e-06,"Eukaryota","Bacillariophyta","Coscinodiscophyceae","Melosirales","Stephanopyxidaceae","Stephanopyxis","s_"
"514","ASV_23208",1,0,4.85422754677048e-06,5.34190766342117e-05,"Eukaryota","Bacillariophyta","Coscinodiscophyceae","Melosirales","Stephanopyxidaceae","g_","s_"
"515","ASV_24710",0,1,4.85422754677048e-06,6.93311420146152e-05,"Eukaryota","unknown","unknown","unknown","unknown","g_","s_"
"516","ASV_26180",0,1,4.85422754677048e-06,NA,"Eukaryota","Bacillariophyta","Coscinodiscophyceae","Thalassiosirales","Thalassiosiraceae","Thalassiosira","s_"
"517","ASV_26357",0,1,4.85422754677048e-06,0.00248114562324435,"Eukaryota","unassigned","unassigned","unassigned","unassigned","g_","s_"
"518","ASV_26358",1,0,4.85422754677048e-06,4.0916739549609e-05,"Eukaryota","unknown","Bigyra","Bicosoecida","unknown","g_","s_"
"519","ASV_26362",1,0,4.85422754677048e-06,3.40972829580075e-06,"Eukaryota","unknown","unknown","unknown","unknown","g_","s_"
"520","ASV_26372",1,0,4.85422754677048e-06,0.00114623699543835,"Eukaryota","unknown","Dinophyceae","Peridiniales","Protoperidiniaceae","Protoperidinium","Protoperidinium crassipes"
"521","ASV_26395",1,0,4.85422754677048e-06,5.0009348338411e-05,"Eukaryota","unknown","Dinophyceae","Gonyaulacales","Amphidomataceae","Azadinium","unassigned"
"522","ASV_26445",1,0,4.85422754677048e-06,0.000215949458734047,"no_hit","no_hit","no_hit","no_hit","no_hit","no_hit","no_hit"
"523","ASV_26520",1,0,4.85422754677048e-06,NA,"Eukaryota","Arthropoda","Hexanauplia","Calanoida","Calanidae","Calanus","s_"
"524","ASV_26679",1,0,4.85422754677048e-06,NA,"Eukaryota","unknown","Dinophyceae","unknown","unknown","Theleodinium","Theleodinium calcisporum"
"525","ASV_26713",1,0,4.85422754677048e-06,2.2731521972005e-06,"no_hit","no_hit","no_hit","no_hit","no_hit","g_","s_"
"526","ASV_26916",1,0,4.85422754677048e-06,5.11459244370112e-06,"Eukaryota","unknown","unknown","unknown","unknown","g_","s_"
"527","ASV_26953",1,0,4.85422754677048e-06,NA,"Eukaryota","Chytridiomycota","Chytridiomycetes","Chytridiales","unassigned","g_","s_"
