"","ASV","KOSMOSD3_MQCBa_X","KOSMOSD3_ROCBa_X","field_blank_mean_perc","envt_mean_perc","Kingdom","Phylum","Class","Order","Family","Genus","Species"
"1","ASV_23751",5,20174,0.163486700856363,2.42618729518936e-06,"Eukaryota","Arthropoda","Hexanauplia","Cyclopoida","Cyclopidae","Paracyclops","Paracyclops fimbriatus"
"2","ASV_23752",82,17334,0.141101361916567,6.46983278717162e-06,"Eukaryota","unknown","unknown","Himatismenida","Cochliopodiidae","g_","s_"
"3","ASV_23744",13787,101,0.112518127830575,0.111218043069677,"Eukaryota","Arthropoda","Hexanauplia","Calanoida","Paracalanidae","Paracalanus","Paracalanus sp. D AC-2013"
"4","ASV_23780",3,6932,0.0561861475018027,1.6174581967929e-06,"Eukaryota","Rotifera","Monogononta","Ploima","Asplanchnidae","g_","s_"
"5","ASV_23815",3672,1,0.0297579985254681,1.29396655743432e-05,"Eukaryota","unknown","unknown","Longamoebia","Acanthamoebidae","g_","s_"
"6","ASV_23819",0,3287,0.0266306945693476,2.18356856567042e-05,"Eukaryota","Arthropoda","Ostracoda","Podocopida","Cyprididae","Cypridopsis","Cypridopsis vidua"
"7","ASV_46",3195,43,0.0262337052070421,0.000769910101673422,"Eukaryota","Chordata","Mammalia","Primates","Hominidae","Homo","Homo sapiens"
"8","ASV_28438",0,2626,0.0212753890900842,NA,"no_hit","no_hit","no_hit","no_hit","no_hit","no_hit","no_hit"
"9","ASV_28439",0,2562,0.0207568723719709,NA,"no_hit","no_hit","no_hit","no_hit","no_hit","no_hit","no_hit"
"10","ASV_23779",2387,0,0.01933905322088,0.000713299064785671,"Eukaryota","Cercozoa","unknown","Euglyphida","Paulinellidae","g_","s_"
"11","ASV_10109",1855,0,0.0150288830015637,0.00396358131124101,"Eukaryota","unknown","Labyrinthulomycetes","unknown","Thraustochytriaceae","g_","s_"
"12","ASV_23871",0,1794,0.014534671754612,NA,"Eukaryota","unknown","Oomycetes","Peronosporales","Peronosporaceae","g_","s_"
"13","ASV_23876",0,1738,0.0140809696262629,NA,"Eukaryota","unknown","unknown","unknown","Paramoebidae","g_","s_"
"14","ASV_28440",1572,8,0.0128008814784208,0.000109178428283521,"no_hit","no_hit","no_hit","no_hit","no_hit","no_hit","no_hit"
"15","ASV_2975",1432,9,0.0116747279812686,0.041171589670265,"Eukaryota","Bacillariophyta","Coscinodiscophyceae","Thalassiosirales","Skeletonemataceae","Skeletonema","unassigned"
"16","ASV_10994",0,1347,0.0109131565515398,NA,"Eukaryota","unknown","unknown","unknown","Vexilliferidae","g_","s_"
"17","ASV_23911",1301,0,0.0105404726603959,2.42618729518936e-06,"Eukaryota","unknown","Labyrinthulomycetes","unknown","Thraustochytriaceae","g_","s_"
"18","ASV_23772",1156,72,0.00994903952879793,0.0017783952873738,"Eukaryota","Rhodophyta","Bangiophyceae","Bangiales","Bangiaceae","g_","s_"
"19","ASV_23745",1201,2,0.00974649393578494,0.0911696487204288,"Eukaryota","Bacillariophyta","Coscinodiscophyceae","Thalassiosirales","Stephanodiscaceae","g_","s_"
"20","ASV_23922",0,1188,0.00962496657997715,NA,"Eukaryota","unknown","unknown","unknown","Vexilliferidae","g_","s_"
"21","ASV_23950",0,1047,0.0084826094353839,NA,"Eukaryota","Rhodophyta","Florideophyceae","Corallinales","Corallinaceae","g_","s_"
"22","ASV_23958",0,997,0.00807751824935793,NA,"Eukaryota","Rotifera","Monogononta","Ploima","Asplanchnidae","g_","s_"
"23","ASV_23961",0,989,0.00801270365959377,1.6174581967929e-06,"Eukaryota","unknown","unknown","unknown","Paramoebidae","g_","s_"
"24","ASV_23823",0,910,0.00737265958567274,0.00173634137425718,"Eukaryota","Arthropoda","Insecta","Diptera","Chironomidae","g_","s_"
"25","ASV_23985",0,890,0.00721062311126235,NA,"Eukaryota","unknown","unknown","Himatismenida","Cochliopodiidae","g_","s_"
"26","ASV_23997",0,809,0.00655437538990027,NA,"Eukaryota","Rhodophyta","Florideophyceae","Gracilariales","Gracilariaceae","g_","s_"
"27","ASV_23814",756,0,0.00612497873271273,0.00221591772960628,"Eukaryota","Arthropoda","Hexanauplia","Calanoida","Paracalanidae","Paracalanus","Paracalanus sp. D AC-2013"
"28","ASV_23803",727,18,0.00603585867178702,0.00182125792958881,"Eukaryota","unassigned","unassigned","unassigned","unassigned","g_","s_"
"29","ASV_24018",0,732,0.00593053496342027,NA,"Eukaryota","unassigned","unassigned","unassigned","unassigned","g_","s_"
"30","ASV_24027",0,716,0.00580090578389195,NA,"Eukaryota","Bacillariophyta","Fragilariophyceae","Fragilariales","Fragilariaceae","g_","s_"
"31","ASV_803",697,13,0.00575229484156884,0.00266071873372433,"Eukaryota","unassigned","unassigned","unassigned","unassigned","g_","s_"
"32","ASV_24032",0,692,0.00560646201459949,NA,"Eukaryota","Arthropoda","Ostracoda","Podocopida","Cyprididae","g_","s_"
"33","ASV_24034",662,0,0.0053634073029839,2.02182274599113e-05,"Eukaryota","Nematoda","Chromadorea","Rhabditida","Aphelenchoididae","g_","s_"
"34","ASV_23808",653,4,0.0053228981843813,0.00185684200991825,"Eukaryota","Bacillariophyta","Coscinodiscophyceae","Thalassiosirales","Skeletonemataceae","Skeletonema","Skeletonema cf. pseudocostatum"
"35","ASV_24048",625,0,0.00506363982532468,8.08729098396452e-07,"Eukaryota","unknown","unknown","Longamoebia","Acanthamoebidae","g_","s_"
"36","ASV_24063",0,602,0.00487729787975273,NA,"Eukaryota","Arthropoda","Ostracoda","Podocopida","Cyprididae","g_","s_"
"37","ASV_48",0,600,0.00486109423231169,0.0268028997790552,"Eukaryota","unknown","Haptophyta","Isochrysidales","Noelaerhabdaceae","Emiliania","Emiliania huxleyi"
"38","ASV_23914",527,0,0.00426966110071377,0.000611399198387718,"Eukaryota","Cercozoa","Chlorarachniophyceae","unknown","unknown","g_","s_"
"39","ASV_24095",510,1,0.00414003192118546,NA,"Eukaryota","Ascomycota","Sordariomycetes","Hypocreales","Nectriaceae","g_","s_"
"40","ASV_24111",0,471,0.00381595897236468,NA,"Eukaryota","unassigned","unassigned","unassigned","unassigned","g_","s_"
"41","ASV_24114",0,469,0.00379975532492364,NA,"Eukaryota","unassigned","unassigned","unassigned","unassigned","g_","s_"
"42","ASV_28496",0,397,0.00321642401704624,8.08729098396452e-07,"no_hit","no_hit","no_hit","no_hit","no_hit","no_hit","no_hit"
"43","ASV_24167",0,393,0.00318401672216416,NA,"Eukaryota","unknown","unknown","unknown","Vannellidae","g_","s_"
"44","ASV_24176",0,380,0.00307869301379741,NA,"Eukaryota","Rotifera","Monogononta","Ploima","Asplanchnidae","g_","s_"
"45","ASV_10",0,357,0.00289235106822546,0.0315137467772145,"Eukaryota","unknown","Haptophyta","Isochrysidales","Noelaerhabdaceae","Emiliania","Emiliania huxleyi"
"46","ASV_24240",0,321,0.00260068541428676,NA,"Eukaryota","Arthropoda","Ostracoda","Podocopida","Cyprididae","g_","s_"
"47","ASV_24272",0,300,0.00243054711615585,NA,"Eukaryota","Arthropoda","Ostracoda","Podocopida","Cyprididae","g_","s_"
"48","ASV_24279",0,292,0.00236573252639169,NA,"Eukaryota","unknown","Oomycetes","Pythiales","Pythiaceae","g_","s_"
"49","ASV_24280",0,292,0.00236573252639169,NA,"Eukaryota","Arthropoda","Hexanauplia","Cyclopoida","Cyclopidae","Paracyclops","Paracyclops fimbriatus"
"50","ASV_24081",198,91,0.00234142705523013,0.000208652107386285,"Eukaryota","Arthropoda","Hexanauplia","unassigned","unassigned","g_","s_"
"51","ASV_28549",286,0,0.00231712158406857,NA,"no_hit","no_hit","no_hit","no_hit","no_hit","no_hit","no_hit"
"52","ASV_24294",0,283,0.00229281611290702,NA,"Eukaryota","unknown","unknown","unknown","Vexilliferidae","g_","s_"
"53","ASV_24295",0,280,0.00226851064174546,NA,"Eukaryota","unknown","Chrysophyceae","Chromulinales","Paraphysomonadaceae","Paraphysomonas","unassigned"
"54","ASV_24125",0,278,0.00225230699430442,0.000132631572137018,"Eukaryota","unknown","unknown","Bicosoecida","Cafeteriaceae","g_","s_"
"55","ASV_9916",0,270,0.00218749240454026,NA,"Eukaryota","unknown","Phaeophyceae","Ectocarpales","Chordariaceae","g_","s_"
"56","ASV_28563",0,269,0.00217939058081974,NA,"no_hit","no_hit","no_hit","no_hit","no_hit","no_hit","no_hit"
"57","ASV_24316",0,264,0.00213888146221715,NA,"Eukaryota","Arthropoda","Ostracoda","Podocopida","Cyprididae","g_","s_"
"58","ASV_10605",0,253,0.00204976140129143,NA,"Eukaryota","unknown","unknown","unknown","Vexilliferidae","g_","s_"
"59","ASV_24347",0,243,0.00196874316408624,NA,"Eukaryota","Heterolobosea","unknown","unknown","Vahlkampfiidae","g_","s_"
"60","ASV_24352",0,240,0.00194443769292468,NA,"Eukaryota","unknown","unknown","unknown","Paramoebidae","g_","s_"
"61","ASV_23837",0,230,0.00186341945571948,0.00183662378245834,"Eukaryota","unknown","unknown","Bicosoecida","Cafeteriaceae","g_","s_"
"62","ASV_11198",229,0,0.00185531763199896,0.000290333746324326,"Eukaryota","Bacillariophyta","Bacillariophyceae","Naviculales","Naviculaceae","g_","s_"
"63","ASV_8983",225,0,0.00182291033711689,2.74967893454794e-05,"Eukaryota","unassigned","unassigned","unassigned","unassigned","g_","s_"
"64","ASV_23746",1,218,0.00177429939479377,0.0641540531884953,"Eukaryota","unknown","unknown","Bicosoecida","Cafeteriaceae","g_","s_"
"65","ASV_24412",0,214,0.00173379027619117,NA,"Eukaryota","Rhodophyta","Florideophyceae","Ceramiales","unassigned","g_","s_"
"66","ASV_24413",0,214,0.00173379027619117,NA,"Eukaryota","Arthropoda","Malacostraca","Isopoda","Porcellionidae","Porcellio","Porcellio laevis"
"67","ASV_28610",0,213,0.00172568845247065,NA,"no_hit","no_hit","no_hit","no_hit","no_hit","no_hit","no_hit"
"68","ASV_24426",0,210,0.00170138298130909,NA,"Eukaryota","Heterolobosea","unknown","unknown","Vahlkampfiidae","g_","s_"
"69","ASV_23747",7,185,0.00155555015433974,0.058127403947245,"Eukaryota","Rotifera","Monogononta","Ploima","Synchaetidae","g_","s_"
"70","ASV_24479",0,190,0.0015393465068987,NA,"Eukaryota","unknown","unknown","unknown","Vannellidae","g_","s_"
"71","ASV_24493",0,185,0.00149883738829611,NA,"Eukaryota","unassigned","unassigned","unassigned","unassigned","g_","s_"
"72","ASV_24511",53,127,0.00145832826969351,NA,"Eukaryota","Cnidaria","Hydrozoa","Anthoathecata","Pandeidae","Leuckartiara","Leuckartiara longicalcar"
"73","ASV_24520",175,1,0.00142592097481143,8.08729098396452e-07,"Eukaryota","Placozoa","unknown","unknown","unknown","g_","s_"
"74","ASV_28672",172,1,0.00140161550364987,NA,"no_hit","no_hit","no_hit","no_hit","no_hit","no_hit","no_hit"
"75","ASV_24551",0,169,0.00136920820876779,NA,"Eukaryota","unknown","unknown","unknown","Vexilliferidae","g_","s_"
"76","ASV_8077",163,0,0.00132059726644468,2.18356856567042e-05,"Eukaryota","Cercozoa","unknown","Euglyphida","Paulinellidae","g_","s_"
"77","ASV_24570",0,163,0.00132059726644468,NA,"Eukaryota","unassigned","unassigned","unassigned","unassigned","g_","s_"
"78","ASV_24582",155,0,0.00125578267668052,NA,"Eukaryota","unknown","unknown","unknown","Paramoebidae","Paramoeba","Paramoeba branchiphila"
"79","ASV_28701",155,0,0.00125578267668052,NA,"no_hit","no_hit","no_hit","no_hit","no_hit","no_hit","no_hit"
"80","ASV_1132",139,15,0.00124768085296,0.00171531441769887,"Eukaryota","unknown","Phaeophyceae","Fucales","Hormosiraceae","g_","s_"
"81","ASV_24619",0,149,0.0012071717343574,NA,"Eukaryota","Arthropoda","Branchiopoda","Diplostraca","Macrotrichidae","Macrothrix","s_"
"82","ASV_24641",0,140,0.00113425532087273,3.23491639358581e-06,"Eukaryota","Chlorophyta","Trebouxiophyceae","Chlorellales","Chlorellaceae","g_","s_"
"83","ASV_24674",0,135,0.00109374620227013,NA,"Eukaryota","unknown","unknown","unknown","Vexilliferidae","g_","s_"
"84","ASV_24675",0,135,0.00109374620227013,NA,"Eukaryota","Rotifera","Monogononta","Ploima","Asplanchnidae","g_","s_"
"85","ASV_24676",0,135,0.00109374620227013,NA,"Eukaryota","unknown","unknown","unknown","Paramoebidae","g_","s_"
"86","ASV_11851",133,0,0.00107754255482909,0.000824094951265985,"no_hit","no_hit","no_hit","no_hit","no_hit","no_hit","no_hit"
"87","ASV_24699",0,131,0.00106133890738805,NA,"Eukaryota","Arthropoda","Ostracoda","Podocopida","Cyprididae","g_","s_"
"88","ASV_24731",0,123,0.000996524317623897,NA,"Eukaryota","Arthropoda","Arachnida","Araneae","Gnaphosidae","g_","s_"
"89","ASV_24769",0,116,0.000939811551580261,NA,"Eukaryota","unassigned","unassigned","unassigned","unassigned","g_","s_"
"90","ASV_4854",115,0,0.000931709727859741,NA,"Eukaryota","Chordata","Mammalia","Primates","Hominidae","Homo","Homo sapiens"
"91","ASV_24777",0,115,0.000931709727859741,NA,"Eukaryota","unassigned","unassigned","unassigned","unassigned","g_","s_"
"92","ASV_28804",0,115,0.000931709727859741,NA,"no_hit","no_hit","no_hit","no_hit","no_hit","no_hit","no_hit"
"93","ASV_28811",0,112,0.000907404256698183,NA,"no_hit","no_hit","no_hit","no_hit","no_hit","no_hit","no_hit"
"94","ASV_24263",106,0,0.000858793314375066,8.89602008236097e-06,"Eukaryota","Mollusca","Cephalopoda","Octopoda","Octopodidae","g_","s_"
"95","ASV_24844",0,104,0.000842589666934027,NA,"Eukaryota","Arthropoda","Insecta","Diptera","Psychodidae","unassigned","s_"
"96","ASV_28843",0,104,0.000842589666934027,NA,"no_hit","no_hit","no_hit","no_hit","no_hit","no_hit","no_hit"
"97","ASV_28434",0,103,0.000834487843213507,0.00279173284766455,"no_hit","no_hit","no_hit","no_hit","no_hit","no_hit","no_hit"
"98","ASV_24860",0,102,0.000826386019492988,NA,"Eukaryota","unknown","Oomycetes","unknown","unknown","g_","s_"
"99","ASV_24902",0,94,0.000761571429728832,NA,"Eukaryota","unknown","unknown","Bicosoecida","unknown","g_","s_"
"100","ASV_24921",91,0,0.000737265958567273,NA,"Eukaryota","unassigned","unassigned","unassigned","unassigned","g_","s_"
"101","ASV_24930",91,0,0.000737265958567273,NA,"Eukaryota","Placozoa","unknown","unknown","unknown","g_","s_"
"102","ASV_28907",0,89,0.000721062311126235,NA,"no_hit","no_hit","no_hit","no_hit","no_hit","no_hit","no_hit"
"103","ASV_24972",0,87,0.000704858663685195,NA,"Eukaryota","Arthropoda","Hexanauplia","Cyclopoida","Cyclopidae","Paracyclops","Paracyclops chiltoni"
"104","ASV_3283",1,82,0.000672451368803118,0.0180192930413713,"Eukaryota","Rhodophyta","Bangiophyceae","Bangiales","Bangiaceae","g_","s_"
"105","ASV_25011",0,83,0.000672451368803118,NA,"Eukaryota","Arthropoda","Branchiopoda","Diplostraca","Macrotrichidae","Macrothrix","s_"
"106","ASV_25027",0,80,0.000648145897641559,NA,"Eukaryota","Rhodophyta","Florideophyceae","Gelidiales","Pterocladiaceae","g_","s_"
"107","ASV_28954",0,80,0.000648145897641559,NA,"no_hit","no_hit","no_hit","no_hit","no_hit","no_hit","no_hit"
"108","ASV_25046",0,79,0.00064004407392104,NA,"Eukaryota","Arthropoda","Ostracoda","Podocopida","Cyprididae","g_","s_"
"109","ASV_25069",0,77,0.000623840426480001,NA,"Eukaryota","Arthropoda","Ostracoda","Podocopida","Cyprididae","g_","s_"
"110","ASV_24834",76,0,0.000615738602759481,1.45571237711361e-05,"Eukaryota","unknown","Oomycetes","unknown","unknown","g_","s_"
"111","ASV_25009",0,74,0.000599534955318442,6.46983278717162e-06,"Eukaryota","unknown","unknown","Bicosoecida","Cafeteriaceae","g_","s_"
"112","ASV_25102",0,74,0.000599534955318442,NA,"Eukaryota","unassigned","unassigned","unassigned","unassigned","g_","s_"
"113","ASV_25109",0,73,0.000591433131597923,NA,"Eukaryota","unassigned","unassigned","unassigned","unassigned","g_","s_"
"114","ASV_24571",72,0,0.000583331307877403,3.23491639358581e-06,"Eukaryota","unknown","unknown","unknown","Vexilliferidae","g_","s_"
"115","ASV_24980",72,0,0.000583331307877403,NA,"Eukaryota","unknown","Labyrinthulomycetes","unknown","Thraustochytriaceae","g_","s_"
"116","ASV_25138",0,71,0.000575229484156884,NA,"Eukaryota","unknown","Phaeophyceae","Ectocarpales","Chordariaceae","g_","s_"
"117","ASV_10560",70,0,0.000567127660436364,0.000322682910260184,"Eukaryota","unknown","Oomycetes","unknown","unknown","g_","s_"
"118","ASV_13180",0,70,0.000567127660436364,NA,"Eukaryota","unknown","Oomycetes","Peronosporales","Peronosporaceae","g_","s_"
"119","ASV_25159",0,69,0.000559025836715845,NA,"Bacteria","Proteobacteria","Alphaproteobacteria","Rhizobiales","Bradyrhizobiaceae","g_","s_"
"120","ASV_25181",0,67,0.000542822189274806,NA,"Eukaryota","unassigned","unassigned","unassigned","unassigned","g_","s_"
"121","ASV_8356",63,2,0.000526618541833767,0.00032591782665377,"unassigned","unassigned","unassigned","unassigned","unassigned","g_","s_"
"122","ASV_24799",65,0,0.000526618541833767,3.07317057390652e-05,"Bacteria","Bacteroidetes","Flavobacteriia","Flavobacteriales","Flavobacteriaceae","g_","s_"
"123","ASV_25210",0,65,0.000526618541833767,NA,"Eukaryota","unknown","Chrysophyceae","Chromulinales","unassigned","g_","s_"
"124","ASV_25211",0,65,0.000526618541833767,NA,"Eukaryota","Arthropoda","Insecta","Hymenoptera","Apidae","g_","s_"
"125","ASV_25226",0,64,0.000518516718113247,NA,"Eukaryota","unknown","unknown","Himatismenida","unknown","g_","s_"
"126","ASV_25227",0,64,0.000518516718113247,NA,"Eukaryota","unknown","Dictyochophyceae","Pedinellales","unknown","g_","s_"
"127","ASV_25255",0,62,0.000502313070672208,NA,"Eukaryota","Bacillariophyta","Coscinodiscophyceae","Coscinodiscales","Coscinodiscaceae","g_","s_"
"128","ASV_25270",0,61,0.000494211246951689,NA,"Eukaryota","Rhodophyta","Florideophyceae","Ceramiales","Rhodomelaceae","g_","s_"
"129","ASV_29108",59,0,0.00047800759951065,NA,"no_hit","no_hit","no_hit","no_hit","no_hit","no_hit","no_hit"
"130","ASV_25307",0,58,0.00046990577579013,NA,"Eukaryota","unknown","unknown","unknown","Vexilliferidae","g_","s_"
"131","ASV_29127",0,57,0.000461803952069611,NA,"no_hit","no_hit","no_hit","no_hit","no_hit","no_hit","no_hit"
"132","ASV_25329",0,56,0.000453702128349091,NA,"Eukaryota","unknown","Phaeophyceae","Ectocarpales","Chordariaceae","g_","s_"
"133","ASV_24937",55,0,0.000445600304628572,2.42618729518936e-05,"Eukaryota","unassigned","unassigned","unassigned","unassigned","g_","s_"
"134","ASV_29168",0,51,0.000413193009746494,NA,"no_hit","no_hit","no_hit","no_hit","no_hit","no_hit","no_hit"
"135","ASV_25441",0,50,0.000405091186025974,NA,"Eukaryota","unknown","Oomycetes","unassigned","unassigned","g_","s_"
"136","ASV_25442",0,50,0.000405091186025974,NA,"Bacteria","Proteobacteria","Alphaproteobacteria","Rhizobiales","Bradyrhizobiaceae","g_","s_"
"137","ASV_29177",50,0,0.000405091186025974,NA,"no_hit","no_hit","no_hit","no_hit","no_hit","no_hit","no_hit"
"138","ASV_25485",0,48,0.000388887538584935,NA,"Eukaryota","unassigned","unassigned","unassigned","unassigned","g_","s_"
"139","ASV_24514",0,47,0.000380785714864416,0.000106752240988332,"Bacteria","Proteobacteria","Alphaproteobacteria","unassigned","unassigned","g_","s_"
"140","ASV_25486",0,47,0.000380785714864416,NA,"Eukaryota","unknown","Oomycetes","Saprolegniales","Saprolegniaceae","g_","s_"
"141","ASV_25462",45,0,0.000364582067423377,3.23491639358581e-06,"Eukaryota","Chlorophyta","unknown","unknown","Pycnococcaceae","g_","s_"
"142","ASV_25559",0,44,0.000356480243702858,NA,"Eukaryota","Arthropoda","Branchiopoda","Diplostraca","Macrotrichidae","Macrothrix","Macrothrix sp. HE-364"
"143","ASV_25607",1,41,0.000340276596261819,NA,"Eukaryota","unassigned","unassigned","unassigned","unassigned","g_","s_"
"144","ASV_29263",0,42,0.000340276596261819,NA,"no_hit","no_hit","no_hit","no_hit","no_hit","no_hit","no_hit"
"145","ASV_25625",0,41,0.000332174772541299,NA,"Eukaryota","unassigned","unassigned","unassigned","unassigned","g_","s_"
"146","ASV_25626",0,41,0.000332174772541299,NA,"Eukaryota","unknown","unknown","unknown","Vannellidae","g_","s_"
"147","ASV_29273",0,41,0.000332174772541299,NA,"no_hit","no_hit","no_hit","no_hit","no_hit","no_hit","no_hit"
"148","ASV_25641",0,40,0.00032407294882078,NA,"Eukaryota","unknown","unknown","unknown","Vannellidae","g_","s_"
"149","ASV_29284",0,40,0.00032407294882078,NA,"no_hit","no_hit","no_hit","no_hit","no_hit","no_hit","no_hit"
"150","ASV_29285",0,40,0.00032407294882078,NA,"no_hit","no_hit","no_hit","no_hit","no_hit","no_hit","no_hit"
"151","ASV_25688",0,38,0.000307869301379741,NA,"Eukaryota","unknown","Oomycetes","unassigned","unassigned","g_","s_"
"152","ASV_24045",37,0,0.000299767477659221,0.000481193813545889,"Eukaryota","Arthropoda","Hexanauplia","Calanoida","Paracalanidae","Paracalanus","Paracalanus sp. D AC-2013"
"153","ASV_25711",0,37,0.000299767477659221,NA,"Eukaryota","unassigned","unassigned","unassigned","unassigned","g_","s_"
"154","ASV_29326",0,37,0.000299767477659221,NA,"no_hit","no_hit","no_hit","no_hit","no_hit","no_hit","no_hit"
"155","ASV_23776",36,0,0.000291665653938702,0.00606951188346537,"Eukaryota","Arthropoda","Hexanauplia","Calanoida","Paracalanidae","Paracalanus","Paracalanus sp. D AC-2013"
"156","ASV_24922",36,0,0.000291665653938702,1.6174581967929e-06,"Eukaryota","unknown","Oomycetes","unassigned","unassigned","g_","s_"
"157","ASV_25727",0,36,0.000291665653938702,NA,"Eukaryota","unknown","unknown","unknown","Vexilliferidae","g_","s_"
"158","ASV_29348",0,35,0.000283563830218182,NA,"no_hit","no_hit","no_hit","no_hit","no_hit","no_hit","no_hit"
"159","ASV_23765",34,0,0.000275462006497663,0.00903026911269478,"Eukaryota","Bacillariophyta","Coscinodiscophyceae","Thalassiosirales","Stephanodiscaceae","g_","s_"
"160","ASV_23766",0,34,0.000275462006497663,0.00941603289262989,"Eukaryota","unknown","Phaeophyceae","Ectocarpales","Chordariaceae","g_","s_"
"161","ASV_25778",0,34,0.000275462006497663,NA,"Eukaryota","unknown","unknown","unknown","Vannellidae","g_","s_"
"162","ASV_25779",0,34,0.000275462006497663,NA,"Eukaryota","Arthropoda","Insecta","Neuroptera","unassigned","g_","s_"
"163","ASV_25780",0,34,0.000275462006497663,NA,"Eukaryota","unknown","unknown","unknown","Vexilliferidae","g_","s_"
"164","ASV_25798",0,33,0.000267360182777143,NA,"Eukaryota","unknown","Oomycetes","Saprolegniales","Saprolegniaceae","g_","s_"
"165","ASV_28937",33,0,0.000267360182777143,1.69833110663255e-05,"no_hit","no_hit","no_hit","no_hit","no_hit","no_hit","no_hit"
"166","ASV_25829",0,32,0.000259258359056624,NA,"Eukaryota","Arthropoda","Malacostraca","Isopoda","Cymothoidae","g_","s_"
"167","ASV_25830",0,32,0.000259258359056624,NA,"Eukaryota","Heterolobosea","unknown","unknown","Vahlkampfiidae","g_","s_"
"168","ASV_25831",0,32,0.000259258359056624,NA,"Eukaryota","Chlorophyta","Trebouxiophyceae","unknown","unknown","g_","s_"
"169","ASV_29410",0,31,0.000251156535336104,NA,"no_hit","no_hit","no_hit","no_hit","no_hit","no_hit","no_hit"
"170","ASV_25934",0,29,0.000234952887895065,NA,"Eukaryota","unknown","Chrysophyceae","Chromulinales","unassigned","g_","s_"
"171","ASV_14108",28,0,0.000226851064174546,NA,"Eukaryota","Ascomycota","Dothideomycetes","Capnodiales","Mycosphaerellaceae","g_","s_"
"172","ASV_25962",0,28,0.000226851064174546,NA,"Eukaryota","Chlorophyta","Trebouxiophyceae","Chlorellales","Chlorellaceae","g_","s_"
"173","ASV_25999",0,27,0.000218749240454026,NA,"Eukaryota","Rotifera","Bdelloidea","Philodinida","Habrotrochidae","g_","s_"
"174","ASV_26000",0,27,0.000218749240454026,NA,"Eukaryota","unassigned","unassigned","unassigned","unassigned","g_","s_"
"175","ASV_26035",0,26,0.000210647416733507,NA,"Eukaryota","Arthropoda","Arachnida","Sarcoptiformes","Acaridae","g_","s_"
"176","ASV_29485",26,0,0.000210647416733507,NA,"no_hit","no_hit","no_hit","no_hit","no_hit","no_hit","no_hit"
"177","ASV_3079",24,1,0.000202545593012987,NA,"Eukaryota","Chordata","Mammalia","Primates","Hominidae","Homo","Homo sapiens"
"178","ASV_25947",0,25,0.000202545593012987,NA,"Eukaryota","unassigned","unassigned","unassigned","unassigned","g_","s_"
"179","ASV_26074",0,25,0.000202545593012987,NA,"Eukaryota","Arthropoda","Ostracoda","Podocopida","Cyprididae","g_","s_"
"180","ASV_28679",22,2,0.000194443769292468,NA,"no_hit","no_hit","no_hit","no_hit","no_hit","no_hit","no_hit"
"181","ASV_29559",0,23,0.000186341945571948,NA,"no_hit","no_hit","no_hit","no_hit","no_hit","no_hit","no_hit"
"182","ASV_26212",0,22,0.000178240121851429,NA,"Eukaryota","Arthropoda","Ostracoda","Podocopida","Cyprididae","g_","s_"
"183","ASV_26213",0,22,0.000178240121851429,NA,"Eukaryota","unassigned","unassigned","unassigned","unassigned","g_","s_"
"184","ASV_9564",21,0,0.000170138298130909,0.000149614883203344,"Eukaryota","Bacillariophyta","Coscinodiscophyceae","Thalassiosirales","unassigned","g_","s_"
"185","ASV_12580",0,21,0.000170138298130909,0.000123735552054657,"Eukaryota","unassigned","unassigned","unassigned","unassigned","g_","s_"
"186","ASV_26261",21,0,0.000170138298130909,NA,"Eukaryota","unknown","Oomycetes","unassigned","unassigned","g_","s_"
"187","ASV_26262",0,21,0.000170138298130909,NA,"Eukaryota","unknown","unknown","unknown","Hartmannellidae","g_","s_"
"188","ASV_26263",0,21,0.000170138298130909,NA,"Eukaryota","Arthropoda","Branchiopoda","Diplostraca","Macrotrichidae","Macrothrix","Macrothrix sp. HE-364"
"189","ASV_26264",0,21,0.000170138298130909,NA,"Eukaryota","unknown","unknown","unknown","Vexilliferidae","g_","s_"
"190","ASV_26316",0,20,0.00016203647441039,NA,"Bacteria","Bacteroidetes","Flavobacteriia","Flavobacteriales","Flavobacteriaceae","g_","s_"
"191","ASV_25855",19,0,0.00015393465068987,1.6174581967929e-06,"Eukaryota","Chordata","Mammalia","Primates","Hominidae","Homo","Homo sapiens"
"192","ASV_26356",19,0,0.00015393465068987,NA,"Eukaryota","Arthropoda","Insecta","Hemiptera","Diaspididae","g_","s_"
"193","ASV_26357",0,19,0.00015393465068987,NA,"Eukaryota","Bacillariophyta","Bacillariophyceae","Naviculales","Pinnulariaceae","g_","s_"
"194","ASV_26397",0,18,0.000145832826969351,NA,"no_hit","no_hit","no_hit","no_hit","no_hit","g_","s_"
"195","ASV_28822",16,2,0.000145832826969351,7.03594315604913e-05,"no_hit","no_hit","no_hit","no_hit","no_hit","no_hit","no_hit"
"196","ASV_29690",0,18,0.000145832826969351,NA,"no_hit","no_hit","no_hit","no_hit","no_hit","no_hit","no_hit"
"197","ASV_10906",16,1,0.000137731003248831,8.08729098396452e-06,"Eukaryota","Bacillariophyta","unassigned","unassigned","unassigned","g_","s_"
"198","ASV_29724",0,17,0.000137731003248831,NA,"no_hit","no_hit","no_hit","no_hit","no_hit","no_hit","no_hit"
"199","ASV_601",16,0,0.000129629179528312,NA,"Eukaryota","Ascomycota","Sordariomycetes","Hypocreales","Cordycipitaceae","Parengyodontium","Parengyodontium album"
"200","ASV_9102",16,0,0.000129629179528312,0.000194903712713545,"unassigned","unassigned","unassigned","unassigned","unassigned","g_","s_"
"201","ASV_26167",16,0,0.000129629179528312,5.66110368877516e-06,"Eukaryota","Bacillariophyta","Mediophyceae","Lithodesmiales","Lithodesmiaceae","g_","s_"
"202","ASV_26510",0,16,0.000129629179528312,NA,"Eukaryota","unassigned","unassigned","unassigned","unassigned","g_","s_"
"203","ASV_29756",0,16,0.000129629179528312,NA,"no_hit","no_hit","no_hit","no_hit","no_hit","no_hit","no_hit"
"204","ASV_25796",13,2,0.000121527355807792,9.70474918075742e-06,"no_hit","no_hit","no_hit","no_hit","no_hit","g_","s_"
"205","ASV_26398",0,15,0.000121527355807792,2.42618729518936e-06,"Eukaryota","unassigned","unassigned","unassigned","unassigned","g_","s_"
"206","ASV_14285",13,1,0.000113425532087273,0.000205417190992699,"Eukaryota","Rhodophyta","Bangiophyceae","Bangiales","Bangiaceae","g_","s_"
"207","ASV_23834",0,14,0.000113425532087273,0.000597650803714978,"Eukaryota","unknown","Haptophyta","Isochrysidales","Noelaerhabdaceae","Emiliania","Emiliania huxleyi"
"208","ASV_24403",0,14,0.000113425532087273,0.00016417200697448,"Eukaryota","Arthropoda","Insecta","Diptera","unassigned","g_","s_"
"209","ASV_26611",0,14,0.000113425532087273,NA,"Eukaryota","Porifera","Demospongiae","unassigned","unassigned","g_","s_"
"210","ASV_29813",0,14,0.000113425532087273,NA,"no_hit","no_hit","no_hit","no_hit","no_hit","no_hit","no_hit"
"211","ASV_23936",13,0,0.000105323708366753,0.000895263111924872,"Eukaryota","Arthropoda","Hexanauplia","Calanoida","Paracalanidae","Paracalanus","Paracalanus sp. D AC-2013"
"212","ASV_26612",0,13,0.000105323708366753,NA,"Eukaryota","unassigned","unassigned","unassigned","unassigned","g_","s_"
"213","ASV_26690",0,13,0.000105323708366753,NA,"Eukaryota","unknown","Raphidophyceae","Chattonellales","Chattonellaceae","g_","s_"
"214","ASV_29852",0,13,0.000105323708366753,NA,"no_hit","no_hit","no_hit","no_hit","no_hit","no_hit","no_hit"
"215","ASV_5578",4,8,9.72218846462339e-05,NA,"Eukaryota","unassigned","unassigned","unassigned","unassigned","g_","s_"
"216","ASV_26761",12,0,9.72218846462339e-05,NA,"Eukaryota","unknown","Oomycetes","Peronosporales","Peronosporaceae","g_","s_"
"217","ASV_26762",0,12,9.72218846462339e-05,NA,"Eukaryota","unknown","Oomycetes","unassigned","unassigned","unassigned","unassigned"
"218","ASV_26763",0,12,9.72218846462339e-05,NA,"Eukaryota","unknown","Phaeophyceae","Ectocarpales","Chordariaceae","g_","s_"
"219","ASV_29901",0,12,9.72218846462339e-05,NA,"no_hit","no_hit","no_hit","no_hit","no_hit","no_hit","no_hit"
"220","ASV_29902",0,12,9.72218846462339e-05,NA,"no_hit","no_hit","no_hit","no_hit","no_hit","no_hit","no_hit"
"221","ASV_10058",0,11,8.91200609257144e-05,0.000707637961096895,"Eukaryota","Bacillariophyta","Bacillariophyceae","Bacillariales","Bacillariaceae","g_","s_"
"222","ASV_10107",0,11,8.91200609257144e-05,NA,"Eukaryota","unknown","unknown","unknown","Vannellidae","g_","s_"
"223","ASV_26455",0,11,8.91200609257144e-05,4.85237459037871e-06,"Eukaryota","unknown","Labyrinthulomycetes","unknown","Thraustochytriaceae","g_","s_"
"224","ASV_26848",0,11,8.91200609257144e-05,NA,"Eukaryota","unassigned","unassigned","unassigned","unassigned","g_","s_"
"225","ASV_26849",0,11,8.91200609257144e-05,NA,"Eukaryota","Arthropoda","Arachnida","unknown","unknown","g_","s_"
"226","ASV_26850",0,11,8.91200609257144e-05,NA,"Eukaryota","unknown","Oomycetes","unknown","unknown","g_","s_"
"227","ASV_26851",0,11,8.91200609257144e-05,NA,"Eukaryota","Arthropoda","Insecta","Hymenoptera","Formicidae","g_","s_"
"228","ASV_28915",0,11,8.91200609257144e-05,6.14634114781303e-05,"no_hit","no_hit","no_hit","no_hit","no_hit","no_hit","no_hit"
"229","ASV_24427",5,5,8.10182372051949e-05,0.000115648261070693,"Eukaryota","Bacillariophyta","Coscinodiscophyceae","Thalassiosirales","Skeletonemataceae","Skeletonema","Skeletonema cf. pseudocostatum"
"230","ASV_26927",10,0,8.10182372051949e-05,NA,"Eukaryota","Arthropoda","Insecta","Hemiptera","Diaspididae","Pinnaspis","Pinnaspis strachani"
"231","ASV_26928",0,10,8.10182372051949e-05,NA,"Eukaryota","Rotifera","Monogononta","Ploima","Asplanchnidae","g_","s_"
"232","ASV_26929",0,10,8.10182372051949e-05,NA,"Eukaryota","Rotifera","Bdelloidea","Philodinida","Habrotrochidae","g_","s_"
"233","ASV_26930",0,10,8.10182372051949e-05,NA,"Eukaryota","unknown","unknown","unknown","Hartmannellidae","g_","s_"
"234","ASV_26931",0,10,8.10182372051949e-05,NA,"Eukaryota","unknown","unknown","unknown","Paramoebidae","g_","s_"
"235","ASV_26932",0,10,8.10182372051949e-05,NA,"Eukaryota","unknown","unknown","Himatismenida","Cochliopodiidae","Cochliopodium","s_"
"236","ASV_26933",0,10,8.10182372051949e-05,NA,"Eukaryota","Arthropoda","Malacostraca","Amphipoda","Scinidae","g_","s_"
"237","ASV_29981",0,10,8.10182372051949e-05,NA,"no_hit","no_hit","no_hit","no_hit","no_hit","no_hit","no_hit"
"238","ASV_8674",0,9,7.29164134846754e-05,0.000301655953701877,"Eukaryota","Arthropoda","Insecta","Hymenoptera","Braconidae","g_","s_"
"239","ASV_23829",0,9,7.29164134846754e-05,0.000760205352492665,"Eukaryota","unknown","Haptophyta","Isochrysidales","Noelaerhabdaceae","Emiliania","Emiliania huxleyi"
"240","ASV_23854",9,0,7.29164134846754e-05,0.00129073164104074,"Eukaryota","Bacillariophyta","Coscinodiscophyceae","Thalassiosirales","Skeletonemataceae","Skeletonema","Skeletonema japonicum"
"241","ASV_23863",8,1,7.29164134846754e-05,0.00158187411646346,"Eukaryota","Arthropoda","Hexanauplia","Calanoida","Paracalanidae","Paracalanus","Paracalanus sp. D AC-2013"
"242","ASV_25265",9,0,7.29164134846754e-05,3.07317057390652e-05,"Bacteria","Proteobacteria","Alphaproteobacteria","Pelagibacterales","Pelagibacteraceae","g_","s_"
"243","ASV_27022",0,9,7.29164134846754e-05,NA,"Eukaryota","Rhodophyta","Florideophyceae","Ceramiales","Delesseriaceae","g_","s_"
"244","ASV_27023",0,9,7.29164134846754e-05,NA,"Eukaryota","Arthropoda","Arachnida","Araneae","Zodariidae","g_","s_"
"245","ASV_27024",0,9,7.29164134846754e-05,NA,"Eukaryota","unknown","Phaeophyceae","Ectocarpales","Chordariaceae","g_","s_"
"246","ASV_27025",0,9,7.29164134846754e-05,NA,"Eukaryota","unknown","Oomycetes","unassigned","unassigned","g_","s_"
"247","ASV_27026",0,9,7.29164134846754e-05,NA,"Bacteria","Proteobacteria","Gammaproteobacteria","Thiotrichales","Fastidiosibacteraceae","g_","s_"
"248","ASV_27027",0,9,7.29164134846754e-05,NA,"Bacteria","Proteobacteria","Alphaproteobacteria","Sphingomonadales","Erythrobacteraceae","g_","s_"
"249","ASV_27028",0,9,7.29164134846754e-05,NA,"Eukaryota","unknown","unknown","unknown","Hartmannellidae","g_","s_"
"250","ASV_28429",0,9,7.29164134846754e-05,0.00926722673852494,"no_hit","no_hit","no_hit","no_hit","no_hit","no_hit","no_hit"
"251","ASV_30055",0,9,7.29164134846754e-05,NA,"no_hit","no_hit","no_hit","no_hit","no_hit","no_hit","no_hit"
"252","ASV_30056",0,9,7.29164134846754e-05,NA,"no_hit","no_hit","no_hit","no_hit","no_hit","no_hit","no_hit"
"253","ASV_30057",0,9,7.29164134846754e-05,NA,"no_hit","no_hit","no_hit","no_hit","no_hit","no_hit","no_hit"
"254","ASV_30058",0,9,7.29164134846754e-05,NA,"no_hit","no_hit","no_hit","no_hit","no_hit","no_hit","no_hit"
"255","ASV_781",0,8,6.48145897641559e-05,5.66110368877516e-06,"Eukaryota","Arthropoda","Insecta","Hemiptera","unknown","g_","s_"
"256","ASV_3605",0,8,6.48145897641559e-05,NA,"Eukaryota","Ascomycota","Eurotiomycetes","Eurotiales","Aspergillaceae","Penicillium","Penicillium chrysogenum"
"257","ASV_11446",0,8,6.48145897641559e-05,0.000277394080749983,"no_hit","no_hit","no_hit","no_hit","no_hit","no_hit","no_hit"
"258","ASV_13976",0,8,6.48145897641559e-05,6.46983278717162e-06,"Eukaryota","unknown","Dinophyceae","unassigned","unassigned","g_","s_"
"259","ASV_24019",8,0,6.48145897641559e-05,0.000560449265188741,"Eukaryota","unknown","Oomycetes","Saprolegniales","Saprolegniaceae","g_","s_"
"260","ASV_25244",8,0,6.48145897641559e-05,3.88189967230297e-05,"Eukaryota","unknown","unknown","unknown","Vexilliferidae","g_","s_"
"261","ASV_26656",0,8,6.48145897641559e-05,NA,"Eukaryota","unknown","unknown","unknown","Paramoebidae","g_","s_"
"262","ASV_27139",0,8,6.48145897641559e-05,NA,"Eukaryota","unassigned","unassigned","unassigned","unassigned","g_","s_"
"263","ASV_27140",0,8,6.48145897641559e-05,NA,"Eukaryota","unassigned","unassigned","unassigned","unassigned","g_","s_"
"264","ASV_27141",0,8,6.48145897641559e-05,NA,"Eukaryota","unknown","unknown","unknown","Vexilliferidae","g_","s_"
"265","ASV_27142",0,8,6.48145897641559e-05,NA,"Eukaryota","Arthropoda","unknown","unknown","unknown","g_","s_"
"266","ASV_27143",0,8,6.48145897641559e-05,NA,"Eukaryota","unassigned","unassigned","unassigned","unassigned","g_","s_"
"267","ASV_27144",0,8,6.48145897641559e-05,NA,"Eukaryota","unassigned","unassigned","unassigned","unassigned","g_","s_"
"268","ASV_28682",6,2,6.48145897641559e-05,7.44030770524736e-05,"no_hit","no_hit","no_hit","no_hit","no_hit","no_hit","no_hit"
"269","ASV_30113",0,8,6.48145897641559e-05,NA,"no_hit","no_hit","no_hit","no_hit","no_hit","no_hit","no_hit"
"270","ASV_30114",0,8,6.48145897641559e-05,NA,"no_hit","no_hit","no_hit","no_hit","no_hit","no_hit","no_hit"
"271","ASV_8151",7,0,5.67127660436364e-05,2.42618729518936e-06,"Eukaryota","Cercozoa","unknown","Euglyphida","Paulinellidae","g_","s_"
"272","ASV_11888",7,0,5.67127660436364e-05,3.47753512310474e-05,"no_hit","no_hit","no_hit","no_hit","no_hit","no_hit","no_hit"
"273","ASV_25089",7,0,5.67127660436364e-05,4.85237459037871e-05,"Bacteria","Proteobacteria","Alphaproteobacteria","Pelagibacterales","Pelagibacteraceae","g_","s_"
"274","ASV_27021",7,0,5.67127660436364e-05,8.08729098396452e-07,"Eukaryota","Arthropoda","unassigned","unassigned","unassigned","g_","s_"
"275","ASV_27246",0,7,5.67127660436364e-05,NA,"Eukaryota","unknown","unknown","unknown","Vannellidae","g_","s_"
"276","ASV_27247",0,7,5.67127660436364e-05,NA,"Eukaryota","Arthropoda","Arachnida","unknown","unknown","g_","s_"
"277","ASV_27248",0,7,5.67127660436364e-05,NA,"Eukaryota","Arthropoda","Arachnida","unknown","unknown","g_","s_"
"278","ASV_27249",0,7,5.67127660436364e-05,NA,"Eukaryota","unassigned","unassigned","unassigned","unassigned","g_","s_"
"279","ASV_27250",0,7,5.67127660436364e-05,NA,"Eukaryota","Basidiomycota","Agaricomycetes","Agaricales","Pleurotaceae","g_","s_"
"280","ASV_28585",4,3,5.67127660436364e-05,7.19768897572842e-05,"no_hit","no_hit","no_hit","no_hit","no_hit","no_hit","no_hit"
"281","ASV_23748",4,2,4.86109423231169e-05,0.0473114609852908,"Eukaryota","Rotifera","Monogononta","Ploima","Synchaetidae","g_","s_"
"282","ASV_23852",6,0,4.86109423231169e-05,8.08729098396452e-07,"Eukaryota","unknown","Phaeophyceae","Ectocarpales","Scytosiphonaceae","g_","s_"
"283","ASV_27251",0,6,4.86109423231169e-05,NA,"Eukaryota","Rotifera","Bdelloidea","unassigned","unassigned","g_","s_"
"284","ASV_27378",0,6,4.86109423231169e-05,NA,"Eukaryota","Basidiomycota","Agaricomycetes","Russulales","Russulaceae","g_","s_"
"285","ASV_27379",0,6,4.86109423231169e-05,NA,"Eukaryota","unknown","unknown","Himatismenida","Cochliopodiidae","g_","s_"
"286","ASV_27380",0,6,4.86109423231169e-05,NA,"Eukaryota","unassigned","unassigned","unassigned","unassigned","g_","s_"
"287","ASV_27381",0,6,4.86109423231169e-05,NA,"Eukaryota","Platyhelminthes","Catenulida","unknown","Stenostomidae","g_","s_"
"288","ASV_8060",0,5,4.05091186025974e-05,0.000858870302497032,"Eukaryota","unknown","Haptophyta","Isochrysidales","Noelaerhabdaceae","Emiliania","Emiliania huxleyi"
"289","ASV_8710",5,0,4.05091186025974e-05,9.46213045123849e-05,"Eukaryota","Chlorophyta","Mamiellophyceae","Mamiellales","Mamiellaceae","Micromonas","Micromonas pusilla"
"290","ASV_23845",5,0,4.05091186025974e-05,0.00183824124065514,"Eukaryota","Arthropoda","Hexanauplia","Calanoida","Paracalanidae","Paracalanus","Paracalanus sp. D AC-2013"
"291","ASV_24804",5,0,4.05091186025974e-05,1.53658528695326e-05,"Eukaryota","Rhodophyta","Bangiophyceae","Bangiales","Bangiaceae","g_","s_"
"292","ASV_25464",5,0,4.05091186025974e-05,NA,"Eukaryota","unknown","Chrysophyceae","unknown","unknown","g_","s_"
"293","ASV_25539",5,0,4.05091186025974e-05,3.15404348374616e-05,"Eukaryota","Arthropoda","Hexanauplia","Calanoida","Paracalanidae","Paracalanus","Paracalanus sp. D AC-2013"
"294","ASV_25608",0,5,4.05091186025974e-05,1.6174581967929e-06,"Eukaryota","Porifera","Demospongiae","Spongillida","unassigned","unassigned","unassigned"
"295","ASV_27514",5,0,4.05091186025974e-05,NA,"Bacteria","Proteobacteria","Alphaproteobacteria","Pelagibacterales","Pelagibacteraceae","g_","s_"
"296","ASV_27515",0,5,4.05091186025974e-05,NA,"Eukaryota","Basidiomycota","Agaricomycetes","Agaricales","Psathyrellaceae","g_","s_"
"297","ASV_27516",0,5,4.05091186025974e-05,NA,"Eukaryota","unknown","unknown","unknown","Vannellidae","Ripella","s_"
"298","ASV_27517",0,5,4.05091186025974e-05,NA,"Eukaryota","Ascomycota","Saccharomycetes","Saccharomycetales","Debaryomycetaceae","g_","s_"
"299","ASV_27518",0,5,4.05091186025974e-05,NA,"Eukaryota","unknown","unknown","unknown","Vexilliferidae","g_","s_"
"300","ASV_28489",5,0,4.05091186025974e-05,NA,"no_hit","no_hit","no_hit","no_hit","no_hit","no_hit","no_hit"
"301","ASV_28747",5,0,4.05091186025974e-05,6.63157860685091e-05,"no_hit","no_hit","no_hit","no_hit","no_hit","no_hit","no_hit"
"302","ASV_30312",0,5,4.05091186025974e-05,NA,"no_hit","no_hit","no_hit","no_hit","no_hit","no_hit","no_hit"
"303","ASV_8594",0,4,3.2407294882078e-05,1.05134782791539e-05,"Eukaryota","Cnidaria","Hydrozoa","Leptothecata","unassigned","g_","s_"
"304","ASV_16785",4,0,3.2407294882078e-05,1.53658528695326e-05,"Eukaryota","unassigned","unassigned","unassigned","unassigned","g_","s_"
"305","ASV_24170",4,0,3.2407294882078e-05,0.000307317057390652,"Eukaryota","Arthropoda","Hexanauplia","Calanoida","Paracalanidae","Paracalanus","Paracalanus sp. D AC-2013"
"306","ASV_24387",4,0,3.2407294882078e-05,0.000118074448365882,"no_hit","no_hit","no_hit","no_hit","no_hit","g_","s_"
"307","ASV_25364",0,4,3.2407294882078e-05,4.04364549198226e-05,"Eukaryota","Annelida","Polychaeta","unassigned","unassigned","g_","s_"
"308","ASV_27678",0,4,3.2407294882078e-05,NA,"Eukaryota","unassigned","unassigned","unassigned","unassigned","g_","s_"
"309","ASV_27679",0,4,3.2407294882078e-05,NA,"Eukaryota","unassigned","unassigned","unassigned","unassigned","g_","s_"
"310","ASV_27680",0,4,3.2407294882078e-05,NA,"Eukaryota","unassigned","unassigned","unassigned","unassigned","g_","s_"
"311","ASV_27681",0,4,3.2407294882078e-05,NA,"Eukaryota","unassigned","unassigned","unassigned","unassigned","g_","s_"
"312","ASV_30392",0,4,3.2407294882078e-05,NA,"no_hit","no_hit","no_hit","no_hit","no_hit","no_hit","no_hit"
"313","ASV_30393",0,4,3.2407294882078e-05,NA,"no_hit","no_hit","no_hit","no_hit","no_hit","no_hit","no_hit"
"314","ASV_30394",0,4,3.2407294882078e-05,NA,"no_hit","no_hit","no_hit","no_hit","no_hit","no_hit","no_hit"
"315","ASV_30395",0,4,3.2407294882078e-05,NA,"no_hit","no_hit","no_hit","no_hit","no_hit","no_hit","no_hit"
"316","ASV_8061",0,3,2.43054711615585e-05,0.0174564175888874,"Eukaryota","unknown","Haptophyta","Isochrysidales","Noelaerhabdaceae","Emiliania","Emiliania huxleyi"
"317","ASV_8192",0,3,2.43054711615585e-05,0.00167002558818867,"Eukaryota","unknown","Haptophyta","Prymnesiales","Chrysochromulinaceae","g_","s_"
"318","ASV_9056",3,0,2.43054711615585e-05,0.00187786896647656,"Eukaryota","unknown","Phaeophyceae","Ectocarpales","Scytosiphonaceae","g_","s_"
"319","ASV_10059",3,0,2.43054711615585e-05,0.000222400502059024,"Eukaryota","unknown","Phaeophyceae","Sphacelariales","Cladostephaceae","g_","s_"
"320","ASV_13142",3,0,2.43054711615585e-05,1.13222073775503e-05,"Eukaryota","unknown","Dinophyceae","Gymnodiniales","Gymnodiniaceae","Margalefidinium","Margalefidinium polykrikoides"
"321","ASV_23777",2,1,2.43054711615585e-05,0.0060864951945317,"Eukaryota","Arthropoda","Hexanauplia","Calanoida","Paracalanidae","Paracalanus","Paracalanus sp. D AC-2013"
"322","ASV_24103",3,0,2.43054711615585e-05,0.000386572509033504,"Eukaryota","Arthropoda","Hexanauplia","Calanoida","Paracalanidae","Paracalanus","Paracalanus sp. D AC-2013"
"323","ASV_24617",3,0,2.43054711615585e-05,3.23491639358581e-05,"Eukaryota","Arthropoda","Insecta","Ephemeroptera","Baetidae","g_","s_"
"324","ASV_24703",0,3,2.43054711615585e-05,3.15404348374616e-05,"no_hit","no_hit","no_hit","no_hit","no_hit","g_","s_"
"325","ASV_24732",0,3,2.43054711615585e-05,9.70474918075742e-05,"Eukaryota","Bacillariophyta","Coscinodiscophyceae","Thalassiosirales","Skeletonemataceae","g_","s_"
"326","ASV_25195",0,3,2.43054711615585e-05,2.42618729518936e-06,"Eukaryota","unknown","unknown","unknown","Hartmannellidae","Hartmannella","unassigned"
"327","ASV_27920",3,0,2.43054711615585e-05,NA,"Bacteria","Proteobacteria","Gammaproteobacteria","Pseudomonadales","Moraxellaceae","Acinetobacter","Acinetobacter johnsonii"
"328","ASV_27921",0,3,2.43054711615585e-05,NA,"no_hit","no_hit","no_hit","no_hit","no_hit","g_","s_"
"329","ASV_27922",0,3,2.43054711615585e-05,NA,"Eukaryota","Annelida","Clitellata","Enchytraeida","Enchytraeidae","Enchytraeus","s_"
"330","ASV_27923",0,3,2.43054711615585e-05,NA,"Eukaryota","unknown","unknown","unknown","Vexilliferidae","g_","s_"
"331","ASV_27924",0,3,2.43054711615585e-05,NA,"Eukaryota","unknown","Oomycetes","Pythiales","Pythiaceae","g_","s_"
"332","ASV_27925",0,3,2.43054711615585e-05,NA,"Eukaryota","unknown","Oomycetes","Peronosporales","Peronosporaceae","g_","s_"
"333","ASV_30495",0,3,2.43054711615585e-05,NA,"no_hit","no_hit","no_hit","no_hit","no_hit","no_hit","no_hit"
"334","ASV_30496",0,3,2.43054711615585e-05,NA,"no_hit","no_hit","no_hit","no_hit","no_hit","no_hit","no_hit"
"335","ASV_8604",2,0,1.6203647441039e-05,NA,"Eukaryota","Arthropoda","Hexanauplia","Calanoida","Clausocalanidae","Clausocalanus","Clausocalanus parapergens"
"336","ASV_9005",0,2,1.6203647441039e-05,0.000394659800017469,"Eukaryota","unknown","Haptophyta","Prymnesiales","Chrysochromulinaceae","g_","s_"
"337","ASV_12213",0,2,1.6203647441039e-05,NA,"Eukaryota","Rotifera","Monogononta","Ploima","Synchaetidae","g_","s_"
"338","ASV_12590",0,2,1.6203647441039e-05,5.66110368877516e-05,"Eukaryota","unassigned","unassigned","unassigned","unassigned","g_","s_"
"339","ASV_13123",2,0,1.6203647441039e-05,1.6174581967929e-05,"Bacteria","Proteobacteria","Alphaproteobacteria","Pelagibacterales","Pelagibacteraceae","g_","s_"
"340","ASV_13744",2,0,1.6203647441039e-05,1.13222073775503e-05,"Eukaryota","unknown","Dinophyceae","Gymnodiniales","Gymnodiniaceae","Margalefidinium","Margalefidinium polykrikoides"
"341","ASV_16246",2,0,1.6203647441039e-05,4.85237459037871e-06,"no_hit","no_hit","no_hit","no_hit","no_hit","g_","s_"
"342","ASV_16948",2,0,1.6203647441039e-05,3.80102676246332e-05,"Eukaryota","unknown","Dinophyceae","Gymnodiniales","Gymnodiniaceae","Margalefidinium","Margalefidinium polykrikoides"
"343","ASV_23759",1,1,1.6203647441039e-05,0.00803310613437196,"Eukaryota","unknown","Oomycetes","unknown","unknown","g_","s_"
"344","ASV_23761",2,0,1.6203647441039e-05,0.00317749662759966,"Eukaryota","unknown","unknown","Longamoebia","Acanthamoebidae","g_","s_"
"345","ASV_23763",2,0,1.6203647441039e-05,0.00151798451769014,"Eukaryota","Rhodophyta","Bangiophyceae","Bangiales","Bangiaceae","g_","s_"
"346","ASV_23767",0,2,1.6203647441039e-05,8.08729098396452e-07,"Eukaryota","Arthropoda","Hexanauplia","Cyclopoida","Cyclopidae","g_","s_"
"347","ASV_23944",2,0,1.6203647441039e-05,8.08729098396452e-06,"Eukaryota","unknown","Oomycetes","Peronosporales","Peronosporaceae","g_","s_"
"348","ASV_23974",1,1,1.6203647441039e-05,NA,"Eukaryota","unassigned","unassigned","unassigned","unassigned","g_","s_"
"349","ASV_23983",2,0,1.6203647441039e-05,0.000229679063944592,"Eukaryota","Rhodophyta","Bangiophyceae","Bangiales","Bangiaceae","g_","s_"
"350","ASV_24014",0,2,1.6203647441039e-05,0.00060412063650215,"Eukaryota","Arthropoda","Insecta","Hymenoptera","unknown","g_","s_"
"351","ASV_24112",2,0,1.6203647441039e-05,0.000321065452063391,"Eukaryota","Bacillariophyta","Coscinodiscophyceae","Thalassiosirales","Stephanodiscaceae","g_","s_"
"352","ASV_24340",2,0,1.6203647441039e-05,0.000169833110663255,"Eukaryota","unknown","Oomycetes","Leptomitales","unknown","g_","s_"
"353","ASV_24428",0,2,1.6203647441039e-05,NA,"Eukaryota","unknown","Oomycetes","Peronosporales","Peronosporaceae","g_","s_"
"354","ASV_25910",0,2,1.6203647441039e-05,NA,"unassigned","unassigned","unassigned","unassigned","unassigned","g_","s_"
"355","ASV_26395",0,2,1.6203647441039e-05,9.70474918075742e-06,"Eukaryota","unassigned","unassigned","unassigned","unassigned","g_","s_"
"356","ASV_26560",2,0,1.6203647441039e-05,1.05134782791539e-05,"Eukaryota","Arthropoda","Hexanauplia","Calanoida","Paracalanidae","Paracalanus","Paracalanus sp. D AC-2013"
"357","ASV_28265",0,2,1.6203647441039e-05,NA,"Eukaryota","Cnidaria","Hydrozoa","Leptothecata","unassigned","g_","s_"
"358","ASV_28266",0,2,1.6203647441039e-05,NA,"Eukaryota","unknown","unknown","unknown","Vexilliferidae","g_","s_"
"359","ASV_28267",0,2,1.6203647441039e-05,NA,"Eukaryota","Arthropoda","Insecta","unassigned","unassigned","g_","s_"
"360","ASV_28268",0,2,1.6203647441039e-05,NA,"Eukaryota","unknown","unknown","Himatismenida","Cochliopodiidae","g_","s_"
"361","ASV_28269",0,2,1.6203647441039e-05,NA,"Eukaryota","Arthropoda","Ostracoda","Podocopida","Cyprididae","g_","s_"
"362","ASV_28270",0,2,1.6203647441039e-05,NA,"Eukaryota","unknown","unknown","Himatismenida","unknown","g_","s_"
"363","ASV_28271",0,2,1.6203647441039e-05,NA,"Eukaryota","unassigned","unassigned","unassigned","unassigned","g_","s_"
"364","ASV_28272",0,2,1.6203647441039e-05,NA,"Eukaryota","unknown","Oomycetes","Saprolegniales","Saprolegniaceae","g_","s_"
"365","ASV_28435",0,2,1.6203647441039e-05,NA,"no_hit","no_hit","no_hit","no_hit","no_hit","no_hit","no_hit"
"366","ASV_28924",2,0,1.6203647441039e-05,2.34531438534971e-05,"no_hit","no_hit","no_hit","no_hit","no_hit","no_hit","no_hit"
"367","ASV_30115",0,2,1.6203647441039e-05,NA,"no_hit","no_hit","no_hit","no_hit","no_hit","no_hit","no_hit"
"368","ASV_30662",0,2,1.6203647441039e-05,NA,"no_hit","no_hit","no_hit","no_hit","no_hit","no_hit","no_hit"
"369","ASV_30663",0,2,1.6203647441039e-05,NA,"no_hit","no_hit","no_hit","no_hit","no_hit","no_hit","no_hit"
"370","ASV_30664",0,2,1.6203647441039e-05,NA,"no_hit","no_hit","no_hit","no_hit","no_hit","no_hit","no_hit"
"371","ASV_30665",0,2,1.6203647441039e-05,NA,"no_hit","no_hit","no_hit","no_hit","no_hit","no_hit","no_hit"
"372","ASV_30666",0,2,1.6203647441039e-05,NA,"no_hit","no_hit","no_hit","no_hit","no_hit","no_hit","no_hit"
"373","ASV_6",0,1,8.10182372051949e-06,0.000315404348374616,"Eukaryota","unknown","Haptophyta","Isochrysidales","Noelaerhabdaceae","Emiliania","Emiliania huxleyi"
"374","ASV_105",1,0,8.10182372051949e-06,1.6174581967929e-06,"Eukaryota","unassigned","unassigned","unassigned","unassigned","g_","s_"
"375","ASV_372",1,0,8.10182372051949e-06,2.83055184438758e-05,"Eukaryota","Chlorophyta","Mamiellophyceae","Mamiellales","Bathycoccaceae","Bathycoccus","Bathycoccus prasinos"
"376","ASV_874",0,1,8.10182372051949e-06,NA,"Eukaryota","Chlorophyta","Mamiellophyceae","Mamiellales","Bathycoccaceae","Bathycoccus","Bathycoccus prasinos"
"377","ASV_5863",0,1,8.10182372051949e-06,2.507060205029e-05,"Eukaryota","unassigned","unassigned","unassigned","unassigned","g_","s_"
"378","ASV_8062",0,1,8.10182372051949e-06,0.000165789465171273,"Eukaryota","Arthropoda","Hexanauplia","Poecilostomatoida","Oncaeidae","g_","s_"
"379","ASV_8066",1,0,8.10182372051949e-06,0.000141527592219379,"Eukaryota","Arthropoda","Hexanauplia","Poecilostomatoida","Oncaeidae","g_","s_"
"380","ASV_8070",1,0,8.10182372051949e-06,8.08729098396452e-07,"Eukaryota","Arthropoda","Hexanauplia","Poecilostomatoida","Oncaeidae","g_","s_"
"381","ASV_8071",1,0,8.10182372051949e-06,NA,"Eukaryota","unknown","Dictyochophyceae","Pedinellales","unknown","g_","s_"
"382","ASV_8121",0,1,8.10182372051949e-06,0.00723974288884504,"Eukaryota","unknown","Haptophyta","Prymnesiales","Chrysochromulinaceae","g_","s_"
"383","ASV_8142",0,1,8.10182372051949e-06,1.6174581967929e-06,"Eukaryota","Bacillariophyta","Coscinodiscophyceae","Thalassiosirales","unassigned","g_","s_"
"384","ASV_8146",0,1,8.10182372051949e-06,0.0027124773960217,"Eukaryota","unknown","Haptophyta","Prymnesiales","Chrysochromulinaceae","g_","s_"
"385","ASV_8189",0,1,8.10182372051949e-06,NA,"Eukaryota","Arthropoda","Insecta","unassigned","unassigned","g_","s_"
"386","ASV_8211",1,0,8.10182372051949e-06,NA,"Eukaryota","unknown","Oomycetes","Saprolegniales","Saprolegniaceae","g_","s_"
"387","ASV_8370",0,1,8.10182372051949e-06,0.000668818964373866,"Eukaryota","Cnidaria","Hydrozoa","Leptothecata","Campanulariidae","g_","s_"
"388","ASV_8411",1,0,8.10182372051949e-06,8.89602008236097e-06,"Eukaryota","Bacillariophyta","unassigned","unassigned","unassigned","g_","s_"
"389","ASV_8420",0,1,8.10182372051949e-06,NA,"Eukaryota","Arthropoda","Insecta","unassigned","unassigned","g_","s_"
"390","ASV_8483",1,0,8.10182372051949e-06,9.70474918075742e-06,"Eukaryota","unknown","Chrysophyceae","Chromulinales","Paraphysomonadaceae","g_","s_"
"391","ASV_8630",0,1,8.10182372051949e-06,NA,"Eukaryota","unassigned","unassigned","unassigned","unassigned","g_","s_"
"392","ASV_9176",1,0,8.10182372051949e-06,1.6174581967929e-06,"Eukaryota","unassigned","unassigned","unassigned","unassigned","g_","s_"
"393","ASV_9394",0,1,8.10182372051949e-06,NA,"Eukaryota","Bacillariophyta","Fragilariophyceae","Thalassionemales","Thalassionemataceae","g_","s_"
"394","ASV_9547",1,0,8.10182372051949e-06,NA,"Eukaryota","unknown","Chrysophyceae","unknown","unknown","g_","s_"
"395","ASV_9667",0,1,8.10182372051949e-06,2.507060205029e-05,"Eukaryota","unknown","Haptophyta","Prymnesiales","Chrysochromulinaceae","g_","s_"
"396","ASV_10201",1,0,8.10182372051949e-06,NA,"Eukaryota","Bacillariophyta","Coscinodiscophyceae","Thalassiosirales","Thalassiosiraceae","Thalassiosira","Thalassiosira pseudonana"
"397","ASV_10307",0,1,8.10182372051949e-06,3.23491639358581e-05,"Eukaryota","unknown","Haptophyta","Prymnesiales","Chrysochromulinaceae","g_","s_"
"398","ASV_10523",1,0,8.10182372051949e-06,NA,"Eukaryota","unknown","Phaeophyceae","Ectocarpales","Chordariaceae","g_","s_"
"399","ASV_10628",0,1,8.10182372051949e-06,NA,"Eukaryota","unknown","Raphidophyceae","Chattonellales","Chattonellaceae","g_","s_"
"400","ASV_10898",1,0,8.10182372051949e-06,1.94094983615148e-05,"Eukaryota","unknown","Oomycetes","unassigned","unassigned","g_","s_"
"401","ASV_12410",0,1,8.10182372051949e-06,0.00196925535459536,"Eukaryota","Arthropoda","Insecta","Coleoptera","Ptinidae","g_","s_"
"402","ASV_12461",1,0,8.10182372051949e-06,NA,"Eukaryota","unknown","Oomycetes","Pythiales","unassigned","g_","s_"
"403","ASV_13877",1,0,8.10182372051949e-06,NA,"Eukaryota","unknown","Dinophyceae","Gymnodiniales","Gymnodiniaceae","Gymnodinium","Gymnodinium sp. NVA/RUS/2008"
"404","ASV_15266",0,1,8.10182372051949e-06,NA,"no_hit","no_hit","no_hit","no_hit","no_hit","no_hit","no_hit"
"405","ASV_16259",1,0,8.10182372051949e-06,0.00254587920175203,"Eukaryota","unknown","Oomycetes","unknown","unknown","g_","s_"
"406","ASV_16688",1,0,8.10182372051949e-06,1.86007692631184e-05,"Eukaryota","unassigned","unassigned","unassigned","unassigned","g_","s_"
"407","ASV_20365",0,1,8.10182372051949e-06,0.00642373522856302,"no_hit","no_hit","no_hit","no_hit","no_hit","no_hit","no_hit"
"408","ASV_20672",1,0,8.10182372051949e-06,NA,"Eukaryota","Arthropoda","Hexanauplia","Calanoida","Clausocalanidae","Clausocalanus","Clausocalanus parapergens"
"409","ASV_20705",1,0,8.10182372051949e-06,NA,"Eukaryota","Cnidaria","Hydrozoa","Siphonophorae","Forskaliidae","g_","s_"
"410","ASV_21219",0,1,8.10182372051949e-06,0.00182772776237598,"Eukaryota","unknown","Haptophyta","Isochrysidales","Noelaerhabdaceae","g_","s_"
"411","ASV_23753",0,1,8.10182372051949e-06,0.00480304211537653,"Eukaryota","Rhodophyta","Bangiophyceae","Bangiales","Bangiaceae","g_","s_"
"412","ASV_23769",1,0,8.10182372051949e-06,8.08729098396452e-07,"Eukaryota","unassigned","unassigned","unassigned","unassigned","g_","s_"
"413","ASV_23793",1,0,8.10182372051949e-06,NA,"Eukaryota","Cnidaria","Hydrozoa","Siphonophorae","Apolemiidae","g_","s_"
"414","ASV_23805",0,1,8.10182372051949e-06,0.000222400502059024,"Eukaryota","unknown","unknown","Bicosoecida","unknown","g_","s_"
"415","ASV_23924",0,1,8.10182372051949e-06,NA,"Eukaryota","unknown","unknown","unknown","Paramoebidae","g_","s_"
"416","ASV_24006",0,1,8.10182372051949e-06,8.08729098396452e-07,"Eukaryota","Ctenophora","Tentaculata","Lobata","Bolinopsidae","g_","s_"
"417","ASV_24285",1,0,8.10182372051949e-06,2.02182274599113e-05,"Eukaryota","unassigned","unassigned","unassigned","unassigned","g_","s_"
"418","ASV_24482",1,0,8.10182372051949e-06,0.000116456990169089,"Eukaryota","Bacillariophyta","Coscinodiscophyceae","Thalassiosirales","Stephanodiscaceae","g_","s_"
"419","ASV_24509",1,0,8.10182372051949e-06,0.00013910140492419,"Eukaryota","unknown","Haptophyta","Prymnesiales","Chrysochromulinaceae","g_","s_"
"420","ASV_24513",0,1,8.10182372051949e-06,NA,"Eukaryota","Cnidaria","Hydrozoa","Anthoathecata","Pandeidae","g_","s_"
"421","ASV_24737",1,0,8.10182372051949e-06,NA,"Eukaryota","unknown","Haptophyta","Prymnesiales","Chrysochromulinaceae","g_","s_"
"422","ASV_24901",0,1,8.10182372051949e-06,7.521180615087e-05,"Eukaryota","Bacillariophyta","Bacillariophyceae","Naviculales","Naviculaceae","g_","s_"
"423","ASV_25054",1,0,8.10182372051949e-06,3.72015385262368e-05,"Eukaryota","Rhodophyta","Bangiophyceae","Bangiales","Bangiaceae","g_","s_"
"424","ASV_25068",1,0,8.10182372051949e-06,1.6174581967929e-06,"Eukaryota","unknown","unknown","unknown","Vexilliferidae","g_","s_"
"425","ASV_25093",1,0,8.10182372051949e-06,3.55840803294439e-05,"Eukaryota","Bacillariophyta","Coscinodiscophyceae","Thalassiosirales","Stephanodiscaceae","g_","s_"
"426","ASV_25867",0,1,8.10182372051949e-06,1.45571237711361e-05,"Eukaryota","unassigned","unassigned","unassigned","unassigned","g_","s_"
"427","ASV_26497",1,0,8.10182372051949e-06,NA,"Eukaryota","Porifera","Demospongiae","Bubarida","Dictyonellidae","g_","s_"
"428","ASV_27010",0,1,8.10182372051949e-06,3.23491639358581e-06,"unassigned","unassigned","unassigned","unassigned","unassigned","g_","s_"
"429","ASV_27252",0,1,8.10182372051949e-06,4.85237459037871e-06,"Eukaryota","Nematoda","Chromadorea","Rhabditida","Rhabditidae","g_","s_"
"430","ASV_28443",1,0,8.10182372051949e-06,NA,"no_hit","no_hit","no_hit","no_hit","no_hit","no_hit","no_hit"
"431","ASV_28806",0,1,8.10182372051949e-06,7.521180615087e-05,"no_hit","no_hit","no_hit","no_hit","no_hit","no_hit","no_hit"
"432","ASV_28928",0,1,8.10182372051949e-06,NA,"no_hit","no_hit","no_hit","no_hit","no_hit","no_hit","no_hit"
"433","ASV_29777",0,1,8.10182372051949e-06,4.04364549198226e-06,"no_hit","no_hit","no_hit","no_hit","no_hit","no_hit","no_hit"
"434","ASV_30112",1,0,8.10182372051949e-06,NA,"no_hit","no_hit","no_hit","no_hit","no_hit","no_hit","no_hit"
